log_id,equipment_id,timestamp,usage_hours,patients_served,workload_level,avg_cpu_temp,error_count,prediction_id,prediction_date,needs_maintenance_10_days,failure_probability
18815,EQP015,2025-06-29,7.17,12.0,0.46,46.42,2.0,15.0,2025-07-09,0.0,0.05
18765,EQP015,2025-06-29,4.21,8.0,26.31,78.38,1.0,15.0,2025-07-09,0.0,0.05
18761,EQP011,2025-06-29,3.35,1.0,20.94,56.74,0.0,11.0,2025-07-09,0.0,0.24
18794,EQP044,2025-06-29,11.59,2.0,72.44,42.67,0.0,44.0,2025-07-09,0.0,0.12
18844,EQP044,2025-06-29,6.25,23.0,0.51,64.69,0.0,44.0,2025-07-09,0.0,0.12
18823,EQP023,2025-06-29,6.4,15.0,0.54,41.37,0.0,23.0,2025-07-09,0.0,0.15
18773,EQP023,2025-06-29,6.98,8.0,43.62,67.19,0.0,23.0,2025-07-09,0.0,0.15
18796,EQP046,2025-06-29,13.71,5.0,85.69,65.33,1.0,46.0,2025-07-09,0.0,0.04
18846,EQP046,2025-06-29,8.05,16.0,0.68,48.28,0.0,46.0,2025-07-09,0.0,0.04
18790,EQP040,2025-06-29,6.54,10.0,40.88,75.68,2.0,40.0,2025-07-09,0.0,0.09
18772,EQP022,2025-06-29,15.01,2.0,93.81,58.53,1.0,22.0,2025-07-09,0.0,0.06
18804,EQP004,2025-06-29,5.78,11.0,0.33,48.68,1.0,4.0,2025-07-09,0.0,0.18
18832,EQP032,2025-06-29,11.33,20.0,0.85,58.13,0.0,32.0,2025-07-09,0.0,0.08
18782,EQP032,2025-06-29,3.6,8.0,22.5,78.03,0.0,32.0,2025-07-09,0.0,0.08
18780,EQP030,2025-06-29,13.04,9.0,81.5,42.87,0.0,30.0,2025-07-09,0.0,0.08
18822,EQP022,2025-06-29,7.18,12.0,0.5,62.81,0.0,22.0,2025-07-09,0.0,0.06
18811,EQP011,2025-06-29,8.81,17.0,0.68,41.93,0.0,11.0,2025-07-09,0.0,0.24
18753,EQP003,2025-06-29,13.78,8.0,86.12,44.06,2.0,3.0,2025-07-09,0.0,0.15
18821,EQP021,2025-06-29,9.71,17.0,0.8,45.8,0.0,21.0,2025-07-09,1.0,0.94
18754,EQP004,2025-06-29,13.92,5.0,87.0,61.19,2.0,4.0,2025-07-09,0.0,0.18
18757,EQP007,2025-06-29,2.31,1.0,14.44,71.96,0.0,7.0,2025-07-09,0.0,0.18
18803,EQP003,2025-06-29,6.08,15.0,0.4,60.85,0.0,3.0,2025-07-09,0.0,0.15
18779,EQP029,2025-06-29,2.1,6.0,13.12,77.12,1.0,29.0,2025-07-09,0.0,0.22
18829,EQP029,2025-06-29,10.5,15.0,0.83,52.54,0.0,29.0,2025-07-09,0.0,0.22
18771,EQP021,2025-06-29,1.27,4.0,7.94,42.3,2.0,21.0,2025-07-09,1.0,0.94
18840,EQP040,2025-06-29,9.47,19.0,0.69,63.28,0.0,40.0,2025-07-09,0.0,0.09
18849,EQP049,2025-06-29,7.44,9.0,0.48,48.96,0.0,49.0,2025-07-09,0.0,0.16
18799,EQP049,2025-06-29,13.49,7.0,84.31,49.92,2.0,49.0,2025-07-09,0.0,0.16
18774,EQP024,2025-06-29,12.1,9.0,75.62,57.24,0.0,24.0,2025-07-09,0.0,0.02
18824,EQP024,2025-06-29,6.88,9.0,0.43,47.93,0.0,24.0,2025-07-09,0.0,0.02
18845,EQP045,2025-06-29,5.11,13.0,0.33,49.12,2.0,45.0,2025-07-09,0.0,0.14
18787,EQP037,2025-06-29,17.504080139654256,15.0,49.25,49.06,4.0,37.0,2025-07-09,1.0,0.78
18837,EQP037,2025-06-29,10.23,17.0,0.75,54.98,0.0,37.0,2025-07-09,1.0,0.78
18769,EQP019,2025-06-29,1.01,8.0,6.31,58.02,1.0,19.0,2025-07-09,0.0,0.13
18819,EQP019,2025-06-29,10.1,17.0,0.73,52.12,0.0,19.0,2025-07-09,0.0,0.13
18776,EQP026,2025-06-29,12.92,10.0,80.75,54.09,1.0,26.0,2025-07-09,1.0,0.79
18836,EQP036,2025-06-29,8.85,17.0,0.65,50.25,0.0,36.0,2025-07-09,0.0,0.05
18786,EQP036,2025-06-29,2.28,9.0,14.25,41.99,2.0,36.0,2025-07-09,0.0,0.05
18828,EQP028,2025-06-29,5.44,21.0,0.37,52.95,0.0,28.0,2025-07-09,1.0,0.86
18778,EQP028,2025-06-29,14.32,5.0,89.5,40.86,2.0,28.0,2025-07-09,1.0,0.86
18755,EQP005,2025-06-29,13.5,10.0,84.38,59.55,2.0,5.0,2025-07-09,0.0,0.01
18826,EQP026,2025-06-29,6.93,18.0,0.45,64.57,0.0,26.0,2025-07-09,1.0,0.79
18847,EQP047,2025-06-29,7.39,21.0,0.6,56.2,0.0,47.0,2025-07-09,0.0,0.25
18792,EQP042,2025-06-29,8.04,7.0,50.25,41.88,2.0,42.0,2025-07-09,0.0,0.17
18842,EQP042,2025-06-29,8.82,11.0,0.76,52.19,0.0,42.0,2025-07-09,0.0,0.17
18766,EQP016,2025-06-29,12.57,6.0,78.56,72.06,0.0,16.0,2025-07-09,0.0,0.23
18816,EQP016,2025-06-29,9.83,16.0,0.76,43.97,0.0,16.0,2025-07-09,0.0,0.23
18833,EQP033,2025-06-29,10.77,14.0,0.83,53.36,0.0,33.0,2025-07-09,1.0,0.91
18783,EQP033,2025-06-29,9.94,10.0,62.12,73.67,2.0,33.0,2025-07-09,1.0,0.91
18752,EQP002,2025-06-29,2.5,8.0,15.62,48.26,1.0,2.0,2025-07-09,0.0,0.03
18802,EQP002,2025-06-29,4.37,16.0,0.32,52.68,0.0,2.0,2025-07-09,0.0,0.03
18760,EQP010,2025-06-29,2.2,7.0,13.75,68.55,2.0,10.0,2025-07-09,0.0,0.02
18810,EQP010,2025-06-29,10.07,13.0,0.76,53.12,0.0,10.0,2025-07-09,0.0,0.02
18830,EQP030,2025-06-29,4.99,11.0,0.36,40.06,0.0,30.0,2025-07-09,0.0,0.08
18797,EQP047,2025-06-29,14.81,5.0,92.56,64.93,2.0,47.0,2025-07-09,0.0,0.25
18805,EQP005,2025-06-29,6.93,15.0,0.54,57.38,0.0,5.0,2025-07-09,0.0,0.01
18807,EQP007,2025-06-29,5.88,20.0,0.4,56.7,0.0,7.0,2025-07-09,0.0,0.18
18767,EQP017,2025-06-29,3.17,3.0,19.81,46.87,1.0,17.0,2025-07-09,0.0,0.19
18756,EQP006,2025-06-29,10.22,4.0,63.88,50.4,2.0,6.0,2025-07-09,0.0,0.23
18850,EQP050,2025-06-29,8.64,13.0,0.76,42.96,0.0,50.0,2025-07-09,1.0,0.98
18809,EQP009,2025-06-29,10.34,13.0,0.83,64.9,0.0,9.0,2025-07-09,0.0,0.13
18759,EQP009,2025-06-29,6.16,2.0,38.5,66.97,2.0,9.0,2025-07-09,0.0,0.13
18775,EQP025,2025-06-29,9.62,9.0,60.12,74.95,2.0,25.0,2025-07-09,1.0,0.89
18825,EQP025,2025-06-29,6.99,10.0,0.55,60.58,1.0,25.0,2025-07-09,1.0,0.89
18812,EQP012,2025-06-29,7.26,14.0,0.44,41.96,0.0,12.0,2025-07-09,0.0,0.1
18800,EQP050,2025-06-29,6.92,1.0,43.25,62.15,2.0,50.0,2025-07-09,1.0,0.98
18835,EQP035,2025-06-29,7.26,16.0,0.55,58.56,0.0,35.0,2025-07-09,0.0,0.13
18785,EQP035,2025-06-29,4.83,6.0,30.19,70.36,2.0,35.0,2025-07-09,0.0,0.13
18827,EQP027,2025-06-29,6.85,16.0,0.4,60.64,1.0,27.0,2025-07-09,0.0,0.22
18806,EQP006,2025-06-29,8.3,8.0,0.7,40.44,0.0,6.0,2025-07-09,0.0,0.23
18777,EQP027,2025-06-29,1.78,3.0,11.12,49.79,1.0,27.0,2025-07-09,0.0,0.22
18813,EQP013,2025-06-29,4.89,21.0,0.36,61.11,0.0,13.0,2025-07-09,0.0,0.08
18784,EQP034,2025-06-29,5.57,9.0,34.81,62.36,2.0,34.0,2025-07-09,0.0,0.22
18841,EQP041,2025-06-29,9.25,11.0,0.82,44.5,0.0,41.0,2025-07-09,0.0,0.19
18791,EQP041,2025-06-29,4.58,10.0,28.62,51.55,0.0,41.0,2025-07-09,0.0,0.19
18839,EQP039,2025-06-29,10.82,21.0,0.8,51.25,0.0,39.0,2025-07-09,0.0,0.24
18768,EQP018,2025-06-29,11.03,7.0,68.94,78.82,1.0,18.0,2025-07-09,1.0,0.91
18818,EQP018,2025-06-29,6.43,17.0,0.45,44.8,0.0,18.0,2025-07-09,1.0,0.91
18789,EQP039,2025-06-29,13.79,2.0,86.19,50.34,2.0,39.0,2025-07-09,0.0,0.24
18793,EQP043,2025-06-29,1.78,5.0,11.12,54.85,0.0,43.0,2025-07-09,0.0,0.09
18843,EQP043,2025-06-29,6.11,21.0,0.44,62.29,0.0,43.0,2025-07-09,0.0,0.09
18834,EQP034,2025-06-29,10.42,12.0,0.85,43.08,0.0,34.0,2025-07-09,0.0,0.22
18762,EQP012,2025-06-29,16.92034130752011,1.0,98.17188217845538,49.17,5.0,12.0,2025-07-09,0.0,0.1
18751,EQP001,2025-06-29,6.26,10.0,39.12,55.2,0.0,1.0,2025-07-09,0.0,0.02
18820,EQP020,2025-06-29,10.13,19.0,0.85,62.16,0.0,20.0,2025-07-09,1.0,0.86
18788,EQP038,2025-06-29,7.34,7.0,45.88,73.26,1.0,38.0,2025-07-09,0.0,0.18
18801,EQP001,2025-06-29,10.35,15.0,0.86,48.84,0.0,1.0,2025-07-09,0.0,0.02
18817,EQP017,2025-06-29,7.66,16.0,0.53,50.65,0.0,17.0,2025-07-09,0.0,0.19
18838,EQP038,2025-06-29,8.1,17.0,0.68,43.92,1.0,38.0,2025-07-09,0.0,0.18
18764,EQP014,2025-06-29,15.38,4.0,96.12,55.57,0.0,14.0,2025-07-09,0.0,0.22
18848,EQP048,2025-06-29,9.53,19.0,0.79,40.6,0.0,48.0,2025-07-09,0.0,0.07
18795,EQP045,2025-06-29,15.43,8.0,96.44,60.03,0.0,45.0,2025-07-09,0.0,0.14
18781,EQP031,2025-06-29,12.13,2.0,75.81,42.81,0.0,31.0,2025-07-09,1.0,0.96
18831,EQP031,2025-06-29,9.16,13.0,0.67,42.91,0.0,31.0,2025-07-09,1.0,0.96
18808,EQP008,2025-06-29,9.25,14.0,0.74,41.58,0.0,8.0,2025-07-09,1.0,0.95
18758,EQP008,2025-06-29,13.79,2.0,86.19,60.86,2.0,8.0,2025-07-09,1.0,0.95
18763,EQP013,2025-06-29,11.83,8.0,73.94,41.58,1.0,13.0,2025-07-09,0.0,0.08
18770,EQP020,2025-06-29,6.11,3.0,38.19,78.57,0.0,20.0,2025-07-09,1.0,0.86
18798,EQP048,2025-06-29,13.6,10.0,85.0,50.02,0.0,48.0,2025-07-09,0.0,0.07
18814,EQP014,2025-06-29,8.7,12.0,0.61,64.67,0.0,14.0,2025-07-09,0.0,0.22
18922,EQP022,2025-06-30,8.14,9.0,0.81,58.14,0.0,22.0,2025-07-09,0.0,0.06
18914,EQP014,2025-06-30,7.1,8.0,0.71,42.45,0.0,14.0,2025-07-09,0.0,0.22
18886,EQP036,2025-06-30,10.06,8.0,62.88,65.2,2.0,36.0,2025-07-09,0.0,0.05
18936,EQP036,2025-06-30,3.23,13.0,0.32,58.84,1.0,36.0,2025-07-09,0.0,0.05
18871,EQP021,2025-06-30,16.767546521619416,1.0,96.59102086781417,81.19525922244135,2.0,21.0,2025-07-09,1.0,0.94
18929,EQP029,2025-06-30,8.44,13.0,0.84,59.28,2.0,29.0,2025-07-09,0.0,0.22
18895,EQP045,2025-06-30,5.79,8.0,36.19,48.29,0.0,45.0,2025-07-09,0.0,0.14
18872,EQP022,2025-06-30,15.76,8.0,96.31185965242071,79.80788841358097,5.0,22.0,2025-07-09,0.0,0.06
18943,EQP043,2025-06-30,7.07,10.0,0.71,46.05,0.0,43.0,2025-07-09,0.0,0.09
18893,EQP043,2025-06-30,2.46,3.0,15.38,71.36,0.0,43.0,2025-07-09,0.0,0.09
18942,EQP042,2025-06-30,5.99,18.0,0.6,41.28,0.0,42.0,2025-07-09,0.0,0.17
18885,EQP035,2025-06-30,12.34,9.0,77.12,70.95,2.0,35.0,2025-07-09,0.0,0.13
18865,EQP015,2025-06-30,10.42,1.0,65.12,79.98,1.0,15.0,2025-07-09,0.0,0.05
18935,EQP035,2025-06-30,3.31,7.0,0.33,57.27,1.0,35.0,2025-07-09,0.0,0.13
18912,EQP012,2025-06-30,4.35,12.0,0.43,44.15,0.0,12.0,2025-07-09,0.0,0.1
18915,EQP015,2025-06-30,6.49,11.0,0.65,46.71,1.0,15.0,2025-07-09,0.0,0.05
18898,EQP048,2025-06-30,1.79,5.0,11.19,71.08,0.0,48.0,2025-07-09,0.0,0.07
18851,EQP001,2025-06-30,1.52,6.0,9.5,40.96,2.0,1.0,2025-07-09,0.0,0.02
18879,EQP029,2025-06-30,15.77,5.0,98.56,67.19,2.0,29.0,2025-07-09,0.0,0.22
18923,EQP023,2025-06-30,3.09,17.0,0.31,53.7,0.0,23.0,2025-07-09,0.0,0.15
18901,EQP001,2025-06-30,7.67,18.0,0.77,50.09,0.0,1.0,2025-07-09,0.0,0.02
18880,EQP030,2025-06-30,5.33,4.0,33.31,47.14,0.0,30.0,2025-07-09,0.0,0.08
18862,EQP012,2025-06-30,16.008836297523043,7.0,102.46111559291217,82.11040754813858,2.0,12.0,2025-07-09,0.0,0.1
18873,EQP023,2025-06-30,4.85,7.0,30.31,65.58,0.0,23.0,2025-07-09,0.0,0.15
18864,EQP014,2025-06-30,14.62,12.0,98.27050849257387,84.0114630796192,1.0,14.0,2025-07-09,0.0,0.22
18930,EQP030,2025-06-30,6.51,16.0,0.65,45.64,0.0,30.0,2025-07-09,0.0,0.08
18921,EQP021,2025-06-30,3.69,12.0,0.37,51.91,1.0,21.0,2025-07-09,1.0,0.94
18908,EQP008,2025-06-30,6.14,10.0,0.61,63.02,0.0,8.0,2025-07-09,1.0,0.95
18858,EQP008,2025-06-30,10.18,3.0,63.62,76.05,1.0,8.0,2025-07-09,1.0,0.95
18892,EQP042,2025-06-30,5.42,4.0,33.88,58.94,1.0,42.0,2025-07-09,0.0,0.17
18948,EQP048,2025-06-30,7.55,5.0,0.76,42.21,0.0,48.0,2025-07-09,0.0,0.07
18860,EQP010,2025-06-30,14.16,8.0,88.5,70.11,1.0,10.0,2025-07-09,0.0,0.02
18874,EQP024,2025-06-30,8.61,2.0,53.81,68.07,0.0,24.0,2025-07-09,0.0,0.02
18863,EQP013,2025-06-30,15.88,6.0,92.93212139841097,82.47497414314682,4.0,13.0,2025-07-09,0.0,0.08
18925,EQP025,2025-06-30,4.66,13.0,0.47,46.51,0.0,25.0,2025-07-09,1.0,0.89
18877,EQP027,2025-06-30,2.38,4.0,14.88,50.28,1.0,27.0,2025-07-09,0.0,0.22
18927,EQP027,2025-06-30,5.86,11.0,0.59,52.7,0.0,27.0,2025-07-09,0.0,0.22
18934,EQP034,2025-06-30,8.78,8.0,0.88,49.77,0.0,34.0,2025-07-09,0.0,0.22
18875,EQP025,2025-06-30,5.84,9.0,36.5,53.0,1.0,25.0,2025-07-09,1.0,0.89
18856,EQP006,2025-06-30,15.8,2.0,98.75,74.48,1.0,6.0,2025-07-09,0.0,0.23
18906,EQP006,2025-06-30,6.82,10.0,0.68,53.51,1.0,6.0,2025-07-09,0.0,0.23
18910,EQP010,2025-06-30,4.31,10.0,0.43,43.54,2.0,10.0,2025-07-09,0.0,0.02
18900,EQP050,2025-06-30,18.976380697169834,2.0,93.17274970472766,71.42,4.0,50.0,2025-07-09,1.0,0.98
18945,EQP045,2025-06-30,6.04,12.0,0.6,40.99,0.0,45.0,2025-07-09,0.0,0.14
18881,EQP031,2025-06-30,12.26,3.0,76.62,48.82,2.0,31.0,2025-07-09,1.0,0.96
18938,EQP038,2025-06-30,4.42,18.0,0.44,59.76,0.0,38.0,2025-07-09,0.0,0.18
18888,EQP038,2025-06-30,14.2,2.0,88.75,77.64,2.0,38.0,2025-07-09,0.0,0.18
18870,EQP020,2025-06-30,4.59,8.0,28.69,44.96,1.0,20.0,2025-07-09,1.0,0.86
18868,EQP018,2025-06-30,14.86,7.0,92.88,44.67,2.0,18.0,2025-07-09,1.0,0.91
18920,EQP020,2025-06-30,7.77,18.0,0.78,57.28,1.0,20.0,2025-07-09,1.0,0.86
18918,EQP018,2025-06-30,5.73,8.0,0.57,55.35,0.0,18.0,2025-07-09,1.0,0.91
18889,EQP039,2025-06-30,6.0,1.0,37.5,64.63,0.0,39.0,2025-07-09,0.0,0.24
18876,EQP026,2025-06-30,8.52,6.0,53.25,50.26,1.0,26.0,2025-07-09,1.0,0.79
18926,EQP026,2025-06-30,7.41,13.0,0.74,56.21,0.0,26.0,2025-07-09,1.0,0.79
18869,EQP019,2025-06-30,10.4,1.0,65.0,75.21,2.0,19.0,2025-07-09,0.0,0.13
18919,EQP019,2025-06-30,7.33,9.0,0.73,40.26,0.0,19.0,2025-07-09,0.0,0.13
18890,EQP040,2025-06-30,11.62,10.0,72.62,57.58,0.0,40.0,2025-07-09,0.0,0.09
18940,EQP040,2025-06-30,5.43,15.0,0.54,51.74,0.0,40.0,2025-07-09,0.0,0.09
18861,EQP011,2025-06-30,15.26,2.0,95.38,68.1,1.0,11.0,2025-07-09,0.0,0.24
18855,EQP005,2025-06-30,16.232803641269307,15.0,35.75,81.79227142200659,1.0,5.0,2025-07-09,0.0,0.01
18905,EQP005,2025-06-30,8.47,10.0,0.85,48.5,0.0,5.0,2025-07-09,0.0,0.01
18911,EQP011,2025-06-30,7.36,17.0,0.74,46.08,0.0,11.0,2025-07-09,0.0,0.24
18859,EQP009,2025-06-30,4.38,13.0,96.79055874491243,59.97,5.0,9.0,2025-07-09,0.0,0.13
18913,EQP013,2025-06-30,5.89,15.0,0.59,53.56,0.0,13.0,2025-07-09,0.0,0.08
18904,EQP004,2025-06-30,8.57,13.0,0.86,49.98,0.0,4.0,2025-07-09,0.0,0.18
18854,EQP004,2025-06-30,13.85,8.0,86.56,72.54,2.0,4.0,2025-07-09,0.0,0.18
18939,EQP039,2025-06-30,7.76,15.0,0.78,47.85,0.0,39.0,2025-07-09,0.0,0.24
18884,EQP034,2025-06-30,6.65,5.0,41.56,78.65,0.0,34.0,2025-07-09,0.0,0.22
18891,EQP041,2025-06-30,1.13,4.0,7.06,61.18,0.0,41.0,2025-07-09,0.0,0.19
18931,EQP031,2025-06-30,4.48,8.0,0.45,64.84,2.0,31.0,2025-07-09,1.0,0.96
18867,EQP017,2025-06-30,9.2,8.0,57.5,60.09,1.0,17.0,2025-07-09,0.0,0.19
18899,EQP049,2025-06-30,9.26,6.0,57.88,42.86,0.0,49.0,2025-07-09,0.0,0.16
18917,EQP017,2025-06-30,4.4,13.0,0.44,46.98,0.0,17.0,2025-07-09,0.0,0.19
18852,EQP002,2025-06-30,18.848245732151575,15.0,75.62,67.18,4.0,2.0,2025-07-09,0.0,0.03
18916,EQP016,2025-06-30,5.09,5.0,0.51,54.47,0.0,16.0,2025-07-09,0.0,0.23
18866,EQP016,2025-06-30,4.39,9.0,27.44,75.01,2.0,16.0,2025-07-09,0.0,0.23
18933,EQP033,2025-06-30,8.92,13.0,0.89,57.08,0.0,33.0,2025-07-09,1.0,0.91
18949,EQP049,2025-06-30,7.66,14.0,0.77,40.73,0.0,49.0,2025-07-09,0.0,0.16
18883,EQP033,2025-06-30,10.68,1.0,66.75,64.13,2.0,33.0,2025-07-09,1.0,0.91
18897,EQP047,2025-06-30,17.61478909903236,8.0,99.52061714019744,70.51,6.0,47.0,2025-07-09,0.0,0.25
18878,EQP028,2025-06-30,5.84,6.0,36.5,63.15,0.0,28.0,2025-07-09,1.0,0.86
18928,EQP028,2025-06-30,3.19,11.0,0.32,43.02,0.0,28.0,2025-07-09,1.0,0.86
18937,EQP037,2025-06-30,8.87,11.0,0.89,53.47,0.0,37.0,2025-07-09,1.0,0.78
18887,EQP037,2025-06-30,13.29,2.0,83.06,40.19,1.0,37.0,2025-07-09,1.0,0.78
18924,EQP024,2025-06-30,4.92,7.0,0.49,61.58,0.0,24.0,2025-07-09,0.0,0.02
18947,EQP047,2025-06-30,8.7,17.0,0.87,53.56,0.0,47.0,2025-07-09,0.0,0.25
18950,EQP050,2025-06-30,3.42,15.0,0.34,54.5,1.0,50.0,2025-07-09,1.0,0.98
18902,EQP002,2025-06-30,5.19,8.0,0.52,61.35,0.0,2.0,2025-07-09,0.0,0.03
18909,EQP009,2025-06-30,4.39,7.0,0.44,48.19,0.0,9.0,2025-07-09,0.0,0.13
18857,EQP007,2025-06-30,10.65,8.0,66.56,54.19,1.0,7.0,2025-07-09,0.0,0.18
18946,EQP046,2025-06-30,6.79,11.0,0.68,49.56,0.0,46.0,2025-07-09,0.0,0.04
18896,EQP046,2025-06-30,8.1,9.0,50.62,74.22,1.0,46.0,2025-07-09,0.0,0.04
18907,EQP007,2025-06-30,5.53,14.0,0.55,45.53,0.0,7.0,2025-07-09,0.0,0.18
18853,EQP003,2025-06-30,8.23,6.0,51.44,71.66,0.0,3.0,2025-07-09,0.0,0.15
18882,EQP032,2025-06-30,9.06,7.0,56.62,73.63,1.0,32.0,2025-07-09,0.0,0.08
18941,EQP041,2025-06-30,7.18,7.0,0.72,49.42,0.0,41.0,2025-07-09,0.0,0.19
18932,EQP032,2025-06-30,5.59,5.0,0.56,44.52,0.0,32.0,2025-07-09,0.0,0.08
18944,EQP044,2025-06-30,8.87,6.0,0.89,53.31,0.0,44.0,2025-07-09,0.0,0.12
18894,EQP044,2025-06-30,3.24,7.0,20.25,58.35,2.0,44.0,2025-07-09,0.0,0.12
18903,EQP003,2025-06-30,7.25,6.0,0.72,52.72,0.0,3.0,2025-07-09,0.0,0.15
19048,EQP048,2025-07-01,4.11,10.0,0.41,59.16,0.0,48.0,2025-07-09,0.0,0.07
18995,EQP045,2025-07-01,5.68,3.0,35.5,74.04,0.0,45.0,2025-07-09,0.0,0.14
19009,EQP009,2025-07-01,8.57,15.0,0.86,61.05,0.0,9.0,2025-07-09,0.0,0.13
19045,EQP045,2025-07-01,4.24,6.0,0.42,41.85,0.0,45.0,2025-07-09,0.0,0.14
19012,EQP012,2025-07-01,7.65,8.0,0.77,48.75,0.0,12.0,2025-07-09,0.0,0.1
18962,EQP012,2025-07-01,17.206082915145764,3.0,92.76962425041414,81.64687330129195,0.0,12.0,2025-07-09,0.0,0.1
18998,EQP048,2025-07-01,11.52,4.0,72.0,54.69,2.0,48.0,2025-07-09,0.0,0.07
18982,EQP032,2025-07-01,15.61,1.0,97.56,46.46,0.0,32.0,2025-07-09,0.0,0.08
18984,EQP034,2025-07-01,2.16,7.0,13.5,75.11,1.0,34.0,2025-07-09,0.0,0.22
19013,EQP013,2025-07-01,7.33,6.0,0.73,40.38,0.0,13.0,2025-07-09,0.0,0.08
18963,EQP013,2025-07-01,4.67,9.0,29.19,50.39,1.0,13.0,2025-07-09,0.0,0.08
18981,EQP031,2025-07-01,15.99,10.0,99.94,44.5,2.0,31.0,2025-07-09,1.0,0.96
19031,EQP031,2025-07-01,7.27,17.0,0.73,61.75,1.0,31.0,2025-07-09,1.0,0.96
18960,EQP010,2025-07-01,3.06,10.0,19.12,71.85,1.0,10.0,2025-07-09,0.0,0.02
19010,EQP010,2025-07-01,7.75,14.0,0.78,59.02,0.0,10.0,2025-07-09,0.0,0.02
19034,EQP034,2025-07-01,7.53,16.0,0.75,52.86,0.0,34.0,2025-07-09,0.0,0.22
18983,EQP033,2025-07-01,9.84,5.0,61.5,67.72,0.0,33.0,2025-07-09,1.0,0.91
19033,EQP033,2025-07-01,4.66,8.0,0.47,41.95,0.0,33.0,2025-07-09,1.0,0.91
19032,EQP032,2025-07-01,3.54,17.0,0.35,57.31,0.0,32.0,2025-07-09,0.0,0.08
18961,EQP011,2025-07-01,13.37,2.0,83.56,74.39,2.0,11.0,2025-07-09,0.0,0.24
19011,EQP011,2025-07-01,8.35,13.0,0.83,50.88,0.0,11.0,2025-07-09,0.0,0.24
18967,EQP017,2025-07-01,11.94,9.0,74.62,68.77,1.0,17.0,2025-07-09,0.0,0.19
19030,EQP030,2025-07-01,5.84,17.0,0.58,54.49,1.0,30.0,2025-07-09,0.0,0.08
19039,EQP039,2025-07-01,3.21,5.0,0.32,63.64,0.0,39.0,2025-07-09,0.0,0.24
18989,EQP039,2025-07-01,1.67,8.0,10.44,56.72,0.0,39.0,2025-07-09,0.0,0.24
19018,EQP018,2025-07-01,3.79,7.0,0.38,56.27,0.0,18.0,2025-07-09,1.0,0.91
18968,EQP018,2025-07-01,13.83,2.0,86.44,56.93,0.0,18.0,2025-07-09,1.0,0.91
18977,EQP027,2025-07-01,16.611381960143234,16.0,100.8184088717749,41.83,1.0,27.0,2025-07-09,0.0,0.22
19027,EQP027,2025-07-01,3.07,9.0,0.31,44.67,0.0,27.0,2025-07-09,0.0,0.22
18956,EQP006,2025-07-01,1.23,4.0,7.69,67.24,1.0,6.0,2025-07-09,0.0,0.23
19002,EQP002,2025-07-01,7.91,6.0,0.79,63.42,0.0,2.0,2025-07-09,0.0,0.03
19006,EQP006,2025-07-01,7.22,11.0,0.72,40.05,0.0,6.0,2025-07-09,0.0,0.23
18952,EQP002,2025-07-01,3.44,2.0,21.5,61.6,0.0,2.0,2025-07-09,0.0,0.03
19047,EQP047,2025-07-01,7.07,8.0,0.71,40.15,0.0,47.0,2025-07-09,0.0,0.25
18997,EQP047,2025-07-01,15.1,10.0,94.38,72.27,2.0,47.0,2025-07-09,0.0,0.25
18992,EQP042,2025-07-01,2.89,1.0,18.06,57.49,1.0,42.0,2025-07-09,0.0,0.17
19038,EQP038,2025-07-01,3.25,6.0,0.33,58.15,0.0,38.0,2025-07-09,0.0,0.18
18988,EQP038,2025-07-01,6.35,4.0,39.69,64.13,0.0,38.0,2025-07-09,0.0,0.18
19003,EQP003,2025-07-01,4.21,8.0,0.42,53.54,0.0,3.0,2025-07-09,0.0,0.15
19042,EQP042,2025-07-01,8.39,9.0,0.84,48.74,0.0,42.0,2025-07-09,0.0,0.17
18959,EQP009,2025-07-01,7.71,2.0,48.19,50.49,2.0,9.0,2025-07-09,0.0,0.13
18974,EQP024,2025-07-01,2.35,9.0,14.69,69.47,0.0,24.0,2025-07-09,0.0,0.02
19024,EQP024,2025-07-01,5.54,9.0,0.55,54.41,0.0,24.0,2025-07-09,0.0,0.02
19005,EQP005,2025-07-01,4.51,17.0,0.45,41.89,0.0,5.0,2025-07-09,0.0,0.01
19041,EQP041,2025-07-01,3.15,17.0,0.32,54.27,0.0,41.0,2025-07-09,0.0,0.19
18991,EQP041,2025-07-01,5.91,4.0,36.94,64.4,0.0,41.0,2025-07-09,0.0,0.19
19020,EQP020,2025-07-01,4.51,7.0,0.45,49.22,0.0,20.0,2025-07-09,1.0,0.86
18970,EQP020,2025-07-01,5.08,9.0,31.75,71.0,1.0,20.0,2025-07-09,1.0,0.86
18975,EQP025,2025-07-01,3.41,3.0,21.31,47.43,2.0,25.0,2025-07-09,1.0,0.89
19025,EQP025,2025-07-01,5.83,16.0,0.58,62.98,0.0,25.0,2025-07-09,1.0,0.89
18954,EQP004,2025-07-01,9.39,4.0,58.69,58.25,0.0,4.0,2025-07-09,0.0,0.18
19004,EQP004,2025-07-01,4.55,11.0,0.45,59.88,0.0,4.0,2025-07-09,0.0,0.18
18957,EQP007,2025-07-01,12.65,7.0,79.06,59.69,2.0,7.0,2025-07-09,0.0,0.18
18953,EQP003,2025-07-01,15.87,5.0,99.19,79.26,0.0,3.0,2025-07-09,0.0,0.15
18994,EQP044,2025-07-01,13.8,8.0,86.25,56.76,1.0,44.0,2025-07-09,0.0,0.12
19040,EQP040,2025-07-01,7.06,12.0,0.71,46.48,0.0,40.0,2025-07-09,0.0,0.09
18990,EQP040,2025-07-01,1.93,8.0,12.06,71.86,0.0,40.0,2025-07-09,0.0,0.09
19019,EQP019,2025-07-01,3.4,15.0,0.34,41.95,0.0,19.0,2025-07-09,0.0,0.13
18969,EQP019,2025-07-01,8.33,8.0,52.06,79.0,1.0,19.0,2025-07-09,0.0,0.13
18976,EQP026,2025-07-01,14.67,10.0,91.69,77.77,2.0,26.0,2025-07-09,1.0,0.79
19026,EQP026,2025-07-01,6.17,16.0,0.62,43.86,0.0,26.0,2025-07-09,1.0,0.79
18955,EQP005,2025-07-01,4.99,7.0,31.19,79.72,2.0,5.0,2025-07-09,0.0,0.01
19044,EQP044,2025-07-01,5.15,6.0,0.52,42.52,0.0,44.0,2025-07-09,0.0,0.12
19007,EQP007,2025-07-01,7.85,7.0,0.78,54.14,0.0,7.0,2025-07-09,0.0,0.18
19017,EQP017,2025-07-01,5.63,18.0,0.56,40.7,0.0,17.0,2025-07-09,0.0,0.19
18973,EQP023,2025-07-01,3.82,8.0,23.88,42.8,2.0,23.0,2025-07-09,0.0,0.15
19000,EQP050,2025-07-01,8.37,4.0,52.31,53.0,0.0,50.0,2025-07-09,1.0,0.98
18986,EQP036,2025-07-01,10.62,10.0,66.38,79.47,2.0,36.0,2025-07-09,0.0,0.05
19015,EQP015,2025-07-01,7.77,17.0,0.78,45.05,0.0,15.0,2025-07-09,0.0,0.05
18965,EQP015,2025-07-01,11.07,7.0,69.19,78.63,2.0,15.0,2025-07-09,0.0,0.05
18979,EQP029,2025-07-01,7.94,4.0,49.62,76.45,0.0,29.0,2025-07-09,0.0,0.22
19029,EQP029,2025-07-01,5.43,16.0,0.54,64.76,0.0,29.0,2025-07-09,0.0,0.22
18958,EQP008,2025-07-01,13.54,10.0,84.62,41.22,2.0,8.0,2025-07-09,1.0,0.95
19008,EQP008,2025-07-01,3.78,7.0,0.38,44.22,0.0,8.0,2025-07-09,1.0,0.95
19023,EQP023,2025-07-01,6.37,10.0,0.64,43.22,1.0,23.0,2025-07-09,0.0,0.15
18993,EQP043,2025-07-01,14.45,3.0,90.31,72.07,0.0,43.0,2025-07-09,0.0,0.09
19035,EQP035,2025-07-01,3.77,6.0,0.38,43.88,0.0,35.0,2025-07-09,0.0,0.13
18985,EQP035,2025-07-01,1.22,5.0,7.62,50.15,0.0,35.0,2025-07-09,0.0,0.13
19050,EQP050,2025-07-01,8.15,5.0,0.82,51.26,0.0,50.0,2025-07-09,1.0,0.98
19014,EQP014,2025-07-01,3.4,9.0,0.34,42.69,0.0,14.0,2025-07-09,0.0,0.22
18964,EQP014,2025-07-01,2.94,1.0,18.38,62.01,0.0,14.0,2025-07-09,0.0,0.22
18980,EQP030,2025-07-01,13.63,6.0,85.19,40.14,1.0,30.0,2025-07-09,0.0,0.08
19022,EQP022,2025-07-01,8.79,9.0,0.88,40.28,0.0,22.0,2025-07-09,0.0,0.06
18972,EQP022,2025-07-01,3.67,2.0,22.94,60.86,1.0,22.0,2025-07-09,0.0,0.06
19043,EQP043,2025-07-01,7.36,13.0,0.74,40.49,0.0,43.0,2025-07-09,0.0,0.09
18951,EQP001,2025-07-01,13.15,4.0,82.19,64.57,2.0,1.0,2025-07-09,0.0,0.02
19036,EQP036,2025-07-01,7.16,11.0,0.72,57.91,2.0,36.0,2025-07-09,0.0,0.05
18987,EQP037,2025-07-01,5.46,5.0,34.12,41.55,1.0,37.0,2025-07-09,1.0,0.78
19028,EQP028,2025-07-01,4.01,14.0,0.4,62.56,0.0,28.0,2025-07-09,1.0,0.86
18971,EQP021,2025-07-01,6.4,8.0,40.0,63.81,0.0,21.0,2025-07-09,1.0,0.94
19046,EQP046,2025-07-01,6.15,6.0,0.61,43.87,0.0,46.0,2025-07-09,0.0,0.04
18978,EQP028,2025-07-01,8.17,8.0,51.06,45.25,0.0,28.0,2025-07-09,1.0,0.86
18966,EQP016,2025-07-01,15.75,3.0,98.44,40.44,1.0,16.0,2025-07-09,0.0,0.23
18996,EQP046,2025-07-01,2.44,5.0,15.25,51.72,1.0,46.0,2025-07-09,0.0,0.04
19021,EQP021,2025-07-01,8.83,10.0,0.88,54.6,1.0,21.0,2025-07-09,1.0,0.94
19049,EQP049,2025-07-01,3.41,13.0,0.34,59.36,0.0,49.0,2025-07-09,0.0,0.16
19016,EQP016,2025-07-01,8.12,18.0,0.81,41.69,0.0,16.0,2025-07-09,0.0,0.23
19037,EQP037,2025-07-01,5.88,18.0,0.59,56.91,0.0,37.0,2025-07-09,1.0,0.78
19001,EQP001,2025-07-01,8.49,8.0,0.85,50.56,0.0,1.0,2025-07-09,0.0,0.02
18999,EQP049,2025-07-01,3.07,7.0,19.19,73.19,1.0,49.0,2025-07-09,0.0,0.16
19111,EQP011,2025-07-02,7.09,15.0,0.71,59.59,0.0,11.0,2025-07-09,0.0,0.24
19092,EQP042,2025-07-02,10.18,2.0,63.62,52.22,0.0,42.0,2025-07-09,0.0,0.17
19142,EQP042,2025-07-02,8.15,12.0,0.82,57.28,1.0,42.0,2025-07-09,0.0,0.17
19093,EQP043,2025-07-02,3.01,5.0,18.81,56.75,0.0,43.0,2025-07-09,0.0,0.09
19144,EQP044,2025-07-02,7.01,18.0,0.7,54.43,0.0,44.0,2025-07-09,0.0,0.12
19094,EQP044,2025-07-02,5.05,8.0,31.56,69.33,1.0,44.0,2025-07-09,0.0,0.12
19083,EQP033,2025-07-02,10.99,2.0,68.69,40.0,1.0,33.0,2025-07-09,1.0,0.91
19052,EQP002,2025-07-02,8.87,2.0,55.44,52.4,1.0,2.0,2025-07-09,0.0,0.03
19102,EQP002,2025-07-02,4.73,14.0,0.47,43.81,0.0,2.0,2025-07-09,0.0,0.03
19101,EQP001,2025-07-02,7.39,13.0,0.74,46.88,0.0,1.0,2025-07-09,0.0,0.02
19051,EQP001,2025-07-02,5.63,13.0,101.6911372762648,72.36,6.0,1.0,2025-07-09,0.0,0.02
19143,EQP043,2025-07-02,7.57,14.0,0.76,44.71,0.0,43.0,2025-07-09,0.0,0.09
19053,EQP003,2025-07-02,12.18,2.0,76.12,60.03,1.0,3.0,2025-07-09,0.0,0.15
19089,EQP039,2025-07-02,14.8,7.0,92.5,68.66,0.0,39.0,2025-07-09,0.0,0.24
19141,EQP041,2025-07-02,8.31,13.0,0.83,57.59,0.0,41.0,2025-07-09,0.0,0.19
19107,EQP007,2025-07-02,7.43,15.0,0.74,55.89,0.0,7.0,2025-07-09,0.0,0.18
19149,EQP049,2025-07-02,7.73,5.0,0.77,53.87,0.0,49.0,2025-07-09,0.0,0.16
19099,EQP049,2025-07-02,7.03,3.0,43.94,51.85,1.0,49.0,2025-07-09,0.0,0.16
19137,EQP037,2025-07-02,5.58,2.769230769230769,0.56,43.07692307692308,1.3076923076923077,37.0,2025-07-09,1.0,0.78
19087,EQP037,2025-07-02,1.66,2.0,10.38,40.0,1.0,37.0,2025-07-09,1.0,0.78
19145,EQP045,2025-07-02,6.61,8.0,0.66,57.99,1.0,45.0,2025-07-09,0.0,0.14
19095,EQP045,2025-07-02,7.38,2.0,46.12,59.18,1.0,45.0,2025-07-09,0.0,0.14
19136,EQP036,2025-07-02,7.98,5.0,0.8,56.11,0.0,36.0,2025-07-09,0.0,0.05
19086,EQP036,2025-07-02,7.61,7.0,47.56,59.86,1.0,36.0,2025-07-09,0.0,0.05
19058,EQP008,2025-07-02,15.73,2.0,98.31,40.0,1.0,8.0,2025-07-09,1.0,0.95
19108,EQP008,2025-07-02,4.98,2.769230769230769,0.5,43.07692307692308,1.3076923076923077,8.0,2025-07-09,1.0,0.95
19135,EQP035,2025-07-02,7.42,14.0,0.74,51.36,0.0,35.0,2025-07-09,0.0,0.13
19085,EQP035,2025-07-02,8.2,4.0,51.25,41.43,1.0,35.0,2025-07-09,0.0,0.13
19109,EQP009,2025-07-02,6.04,15.0,0.6,58.03,0.0,9.0,2025-07-09,0.0,0.13
19059,EQP009,2025-07-02,15.59,5.0,97.44,73.48,0.0,9.0,2025-07-09,0.0,0.13
19057,EQP007,2025-07-02,12.79,16.0,98.6562074623435,59.54,6.0,7.0,2025-07-09,0.0,0.18
19103,EQP003,2025-07-02,8.35,14.0,0.83,51.41,0.0,3.0,2025-07-09,0.0,0.15
19062,EQP012,2025-07-02,8.23,4.0,51.44,45.35,2.0,12.0,2025-07-09,0.0,0.1
19138,EQP038,2025-07-02,7.16,17.0,0.72,44.47,0.0,38.0,2025-07-09,0.0,0.18
19091,EQP041,2025-07-02,11.49,3.0,71.81,40.78,1.0,41.0,2025-07-09,0.0,0.19
19054,EQP004,2025-07-02,10.44,7.0,65.25,73.44,1.0,4.0,2025-07-09,0.0,0.18
19061,EQP011,2025-07-02,4.01,10.0,25.06,45.13,1.0,11.0,2025-07-09,0.0,0.24
19104,EQP004,2025-07-02,4.28,18.0,0.43,62.44,0.0,4.0,2025-07-09,0.0,0.18
19140,EQP040,2025-07-02,5.55,16.0,0.55,49.41,0.0,40.0,2025-07-09,0.0,0.09
19090,EQP040,2025-07-02,3.14,5.0,19.62,44.13,0.0,40.0,2025-07-09,0.0,0.09
19055,EQP005,2025-07-02,6.93,1.0,43.31,76.41,0.0,5.0,2025-07-09,0.0,0.01
19105,EQP005,2025-07-02,5.38,17.0,0.54,50.7,0.0,5.0,2025-07-09,0.0,0.01
19139,EQP039,2025-07-02,7.45,16.0,0.74,42.32,0.0,39.0,2025-07-09,0.0,0.24
19084,EQP034,2025-07-02,3.43,10.0,21.44,52.43,1.0,34.0,2025-07-09,0.0,0.22
19134,EQP034,2025-07-02,8.38,15.0,0.84,49.49,0.0,34.0,2025-07-09,0.0,0.22
19110,EQP010,2025-07-02,4.56,18.0,0.46,55.32,0.0,10.0,2025-07-09,0.0,0.02
19060,EQP010,2025-07-02,14.71,1.0,91.94,62.34,2.0,10.0,2025-07-09,0.0,0.02
19056,EQP006,2025-07-02,2.9,6.0,18.12,56.98,0.0,6.0,2025-07-09,0.0,0.23
19106,EQP006,2025-07-02,8.43,17.0,0.84,49.11,0.0,6.0,2025-07-09,0.0,0.23
19088,EQP038,2025-07-02,4.69,3.0,29.31,71.12,2.0,38.0,2025-07-09,0.0,0.18
19112,EQP012,2025-07-02,3.55,13.0,0.35,47.7,0.0,12.0,2025-07-09,0.0,0.1
19133,EQP033,2025-07-02,5.94,2.769230769230769,0.59,43.07692307692308,1.3076923076923077,33.0,2025-07-09,1.0,0.91
19116,EQP016,2025-07-02,5.27,13.0,0.53,47.7,1.0,16.0,2025-07-09,0.0,0.23
19068,EQP018,2025-07-02,9.42,2.0,58.88,40.0,1.0,18.0,2025-07-09,1.0,0.91
19065,EQP015,2025-07-02,7.53,3.0,47.06,73.87,0.0,15.0,2025-07-09,0.0,0.05
19115,EQP015,2025-07-02,7.23,14.0,0.72,56.94,0.0,15.0,2025-07-09,0.0,0.05
19120,EQP020,2025-07-02,8.73,2.769230769230769,0.87,43.07692307692308,1.3076923076923077,20.0,2025-07-09,1.0,0.86
19096,EQP046,2025-07-02,13.17,8.0,82.31,47.56,2.0,46.0,2025-07-09,0.0,0.04
19097,EQP047,2025-07-02,8.57,9.0,53.56,56.05,1.0,47.0,2025-07-09,0.0,0.25
19114,EQP014,2025-07-02,7.32,12.0,0.73,55.57,0.0,14.0,2025-07-09,0.0,0.22
19064,EQP014,2025-07-02,17.095746889195905,13.0,86.12,66.09,4.0,14.0,2025-07-09,0.0,0.22
19080,EQP030,2025-07-02,11.1,2.0,69.38,41.89,2.0,30.0,2025-07-09,0.0,0.08
19077,EQP027,2025-07-02,13.97,6.0,87.31,40.83,0.0,27.0,2025-07-09,0.0,0.22
19132,EQP032,2025-07-02,8.24,11.0,0.82,57.42,0.0,32.0,2025-07-09,0.0,0.08
19147,EQP047,2025-07-02,4.62,11.0,0.46,50.98,0.0,47.0,2025-07-09,0.0,0.25
19117,EQP017,2025-07-02,6.55,17.0,0.66,56.28,1.0,17.0,2025-07-09,0.0,0.19
19113,EQP013,2025-07-02,4.67,17.0,0.47,62.08,0.0,13.0,2025-07-09,0.0,0.08
19067,EQP017,2025-07-02,8.83,7.0,55.19,60.55,2.0,17.0,2025-07-09,0.0,0.19
19063,EQP013,2025-07-02,13.03,7.0,81.44,71.14,2.0,13.0,2025-07-09,0.0,0.08
19082,EQP032,2025-07-02,6.55,3.0,40.94,47.94,1.0,32.0,2025-07-09,0.0,0.08
19118,EQP018,2025-07-02,4.1,2.769230769230769,0.41,43.07692307692308,1.3076923076923077,18.0,2025-07-09,1.0,0.91
19125,EQP025,2025-07-02,7.51,12.0,0.75,50.67,0.0,25.0,2025-07-09,1.0,0.89
19066,EQP016,2025-07-02,4.68,1.0,29.25,48.71,0.0,16.0,2025-07-09,0.0,0.23
19130,EQP030,2025-07-02,3.68,8.0,0.37,56.98,0.0,30.0,2025-07-09,0.0,0.08
19075,EQP025,2025-07-02,3.63,9.0,97.90381351484594,80.73340874357953,5.0,25.0,2025-07-09,1.0,0.89
19079,EQP029,2025-07-02,14.74,8.0,92.12,44.17,1.0,29.0,2025-07-09,0.0,0.22
19081,EQP031,2025-07-02,13.07,2.0,81.69,40.0,1.0,31.0,2025-07-09,1.0,0.96
19078,EQP028,2025-07-02,10.92,2.0,68.25,40.0,1.0,28.0,2025-07-09,1.0,0.86
19123,EQP023,2025-07-02,3.69,8.0,0.37,60.15,0.0,23.0,2025-07-09,0.0,0.15
19073,EQP023,2025-07-02,13.3,4.0,83.12,53.28,1.0,23.0,2025-07-09,0.0,0.15
19127,EQP027,2025-07-02,6.6,12.0,0.66,43.14,0.0,27.0,2025-07-09,0.0,0.22
19126,EQP026,2025-07-02,3.28,2.769230769230769,0.33,43.07692307692308,1.3076923076923077,26.0,2025-07-09,1.0,0.79
19076,EQP026,2025-07-02,8.7,2.0,54.37,40.0,1.0,26.0,2025-07-09,1.0,0.79
19069,EQP019,2025-07-02,5.64,4.0,35.25,51.93,0.0,19.0,2025-07-09,0.0,0.13
19119,EQP019,2025-07-02,4.83,17.0,0.48,64.06,0.0,19.0,2025-07-09,0.0,0.13
19071,EQP021,2025-07-02,11.68,10.0,73.0,60.18,2.0,21.0,2025-07-09,1.0,0.94
19148,EQP048,2025-07-02,5.62,9.0,0.56,53.53,0.0,48.0,2025-07-09,0.0,0.07
19129,EQP029,2025-07-02,7.77,5.0,0.78,49.9,0.0,29.0,2025-07-09,0.0,0.22
19150,EQP050,2025-07-02,8.61,2.769230769230769,0.86,43.07692307692308,1.3076923076923077,50.0,2025-07-09,1.0,0.98
19098,EQP048,2025-07-02,14.04,10.0,87.75,48.01,2.0,48.0,2025-07-09,0.0,0.07
19072,EQP022,2025-07-02,8.4,1.0,52.5,77.46,0.0,22.0,2025-07-09,0.0,0.06
19122,EQP022,2025-07-02,8.38,7.0,0.84,63.85,2.0,22.0,2025-07-09,0.0,0.06
19128,EQP028,2025-07-02,3.35,2.769230769230769,0.34,43.07692307692308,1.3076923076923077,28.0,2025-07-09,1.0,0.86
19100,EQP050,2025-07-02,4.1,2.0,25.62,40.0,1.0,50.0,2025-07-09,1.0,0.98
19146,EQP046,2025-07-02,7.76,16.0,0.78,40.09,0.0,46.0,2025-07-09,0.0,0.04
19131,EQP031,2025-07-02,8.41,2.769230769230769,0.84,43.07692307692308,1.3076923076923077,31.0,2025-07-09,1.0,0.96
19124,EQP024,2025-07-02,6.64,17.0,0.66,48.44,0.0,24.0,2025-07-09,0.0,0.02
19074,EQP024,2025-07-02,14.67,8.0,91.69,49.76,2.0,24.0,2025-07-09,0.0,0.02
19121,EQP021,2025-07-02,6.03,18.0,0.6,55.13,0.0,21.0,2025-07-09,1.0,0.94
19070,EQP020,2025-07-02,14.14,2.0,88.38,40.0,1.0,20.0,2025-07-09,1.0,0.86
19245,EQP045,2025-07-03,4.56,15.0,0.46,49.26,0.0,45.0,2025-07-09,0.0,0.14
19195,EQP045,2025-07-03,3.65,4.0,22.81,53.32,1.0,45.0,2025-07-09,0.0,0.14
19228,EQP028,2025-07-03,7.92,4.307692307692308,0.79,49.23076923076923,1.9230769230769231,28.0,2025-07-09,1.0,0.86
19247,EQP047,2025-07-03,8.83,11.0,0.88,55.28,0.0,47.0,2025-07-09,0.0,0.25
19197,EQP047,2025-07-03,14.3,1.0,89.38,45.24,1.0,47.0,2025-07-09,0.0,0.25
19175,EQP025,2025-07-03,17.509619651745776,8.0,99.3786376939814,81.71988724200031,0.0,25.0,2025-07-09,1.0,0.89
19225,EQP025,2025-07-03,7.52,10.0,0.75,58.12,0.0,25.0,2025-07-09,1.0,0.89
19178,EQP028,2025-07-03,4.17,3.5384615384615383,26.06,46.15384615384615,1.6153846153846154,28.0,2025-07-09,1.0,0.86
19181,EQP031,2025-07-03,11.29,3.5384615384615383,70.56,46.15384615384615,1.6153846153846154,31.0,2025-07-09,1.0,0.96
19231,EQP031,2025-07-03,8.18,4.307692307692308,0.82,49.23076923076923,1.9230769230769231,31.0,2025-07-09,1.0,0.96
19160,EQP010,2025-07-03,4.46,6.0,27.88,72.78,2.0,10.0,2025-07-09,0.0,0.02
19210,EQP010,2025-07-03,4.11,15.0,0.41,57.99,0.0,10.0,2025-07-09,0.0,0.02
19207,EQP007,2025-07-03,8.3,15.0,0.83,56.57,0.0,7.0,2025-07-09,0.0,0.18
19170,EQP020,2025-07-03,9.09,3.5384615384615383,56.81,46.15384615384615,1.6153846153846154,20.0,2025-07-09,1.0,0.86
19212,EQP012,2025-07-03,3.72,18.0,0.37,55.88,0.0,12.0,2025-07-09,0.0,0.1
19248,EQP048,2025-07-03,4.54,5.0,0.45,64.81,1.0,48.0,2025-07-09,0.0,0.07
19244,EQP044,2025-07-03,3.87,10.0,0.39,42.05,0.0,44.0,2025-07-09,0.0,0.12
19194,EQP044,2025-07-03,2.41,3.0,15.06,40.18,0.0,44.0,2025-07-09,0.0,0.12
19177,EQP027,2025-07-03,5.0,2.0,31.25,47.25,0.0,27.0,2025-07-09,0.0,0.22
19153,EQP003,2025-07-03,4.73,4.0,29.56,67.07,1.0,3.0,2025-07-09,0.0,0.15
19208,EQP008,2025-07-03,4.49,4.307692307692308,0.45,49.23076923076923,1.9230769230769231,8.0,2025-07-09,1.0,0.95
19158,EQP008,2025-07-03,15.13,3.5384615384615383,94.56,46.15384615384615,1.6153846153846154,8.0,2025-07-09,1.0,0.95
19235,EQP035,2025-07-03,5.41,18.0,0.54,46.67,0.0,35.0,2025-07-09,0.0,0.13
19185,EQP035,2025-07-03,1.4,8.0,8.75,57.32,2.0,35.0,2025-07-09,0.0,0.13
19229,EQP029,2025-07-03,3.41,5.0,0.34,56.41,0.0,29.0,2025-07-09,0.0,0.22
19224,EQP024,2025-07-03,7.39,7.0,0.74,42.34,1.0,24.0,2025-07-09,0.0,0.02
19174,EQP024,2025-07-03,2.96,15.0,18.5,83.65593812580747,5.0,24.0,2025-07-09,0.0,0.02
19179,EQP029,2025-07-03,17.071812909837913,6.0,97.27869941430555,80.7376343213913,1.0,29.0,2025-07-09,0.0,0.22
19165,EQP015,2025-07-03,14.82,2.0,92.62,60.07,0.0,15.0,2025-07-09,0.0,0.05
19215,EQP015,2025-07-03,4.55,16.0,0.45,44.45,0.0,15.0,2025-07-09,0.0,0.05
19214,EQP014,2025-07-03,7.02,6.0,0.7,46.17,0.0,14.0,2025-07-09,0.0,0.22
19164,EQP014,2025-07-03,4.8,3.0,30.0,57.3,1.0,14.0,2025-07-09,0.0,0.22
19180,EQP030,2025-07-03,6.16,7.0,38.5,71.77,1.0,30.0,2025-07-09,0.0,0.08
19230,EQP030,2025-07-03,4.12,18.0,0.41,48.82,0.0,30.0,2025-07-09,0.0,0.08
19159,EQP009,2025-07-03,9.23,9.0,57.69,71.24,0.0,9.0,2025-07-09,0.0,0.13
19209,EQP009,2025-07-03,6.27,9.0,0.63,44.14,0.0,9.0,2025-07-09,0.0,0.13
19203,EQP003,2025-07-03,6.65,11.0,0.67,47.78,0.0,3.0,2025-07-09,0.0,0.15
19168,EQP018,2025-07-03,13.13,3.5384615384615383,82.06,46.15384615384615,1.6153846153846154,18.0,2025-07-09,1.0,0.91
19236,EQP036,2025-07-03,6.42,12.0,0.64,56.84,1.0,36.0,2025-07-09,0.0,0.05
19241,EQP041,2025-07-03,4.66,8.0,0.47,63.11,0.0,41.0,2025-07-09,0.0,0.19
19202,EQP002,2025-07-03,4.91,9.0,0.49,59.29,0.0,2.0,2025-07-09,0.0,0.03
19152,EQP002,2025-07-03,4.09,8.0,25.56,55.28,1.0,2.0,2025-07-09,0.0,0.03
19218,EQP018,2025-07-03,5.03,4.307692307692308,0.5,49.23076923076923,1.9230769230769231,18.0,2025-07-09,1.0,0.91
19191,EQP041,2025-07-03,13.14,7.0,82.12,78.75,2.0,41.0,2025-07-09,0.0,0.19
19198,EQP048,2025-07-03,9.98,6.0,62.38,75.93,2.0,48.0,2025-07-09,0.0,0.07
19220,EQP020,2025-07-03,7.85,4.307692307692308,0.78,49.23076923076923,1.9230769230769231,20.0,2025-07-09,1.0,0.86
19186,EQP036,2025-07-03,8.61,2.0,53.81,69.11,2.0,36.0,2025-07-09,0.0,0.05
19166,EQP016,2025-07-03,8.08,8.0,50.5,53.48,0.0,16.0,2025-07-09,0.0,0.23
19187,EQP037,2025-07-03,5.63,3.5384615384615383,35.19,46.15384615384615,1.6153846153846154,37.0,2025-07-09,1.0,0.78
19167,EQP017,2025-07-03,11.79,7.0,73.69,52.75,2.0,17.0,2025-07-09,0.0,0.19
19171,EQP021,2025-07-03,12.53,5.0,78.31,62.95,2.0,21.0,2025-07-09,1.0,0.94
19221,EQP021,2025-07-03,5.59,8.0,0.56,40.41,2.0,21.0,2025-07-09,1.0,0.94
19157,EQP007,2025-07-03,10.76,7.0,67.25,63.95,1.0,7.0,2025-07-09,0.0,0.18
19196,EQP046,2025-07-03,13.82,7.0,86.38,40.35,2.0,46.0,2025-07-09,0.0,0.04
19213,EQP013,2025-07-03,6.59,18.0,0.66,63.09,0.0,13.0,2025-07-09,0.0,0.08
19163,EQP013,2025-07-03,8.21,1.0,51.31,61.87,1.0,13.0,2025-07-09,0.0,0.08
19161,EQP011,2025-07-03,18.093938420372645,15.0,21.81,81.56399388370359,2.0,11.0,2025-07-09,0.0,0.24
19238,EQP038,2025-07-03,3.41,10.0,0.34,62.93,0.0,38.0,2025-07-09,0.0,0.18
19232,EQP032,2025-07-03,4.87,14.0,0.49,57.57,0.0,32.0,2025-07-09,0.0,0.08
19182,EQP032,2025-07-03,9.63,1.0,60.19,54.71,2.0,32.0,2025-07-09,0.0,0.08
19211,EQP011,2025-07-03,6.72,15.0,0.67,42.07,0.0,11.0,2025-07-09,0.0,0.24
19246,EQP046,2025-07-03,4.68,15.0,0.47,58.36,0.0,46.0,2025-07-09,0.0,0.04
19227,EQP027,2025-07-03,8.49,7.0,0.85,62.13,0.0,27.0,2025-07-09,0.0,0.22
19183,EQP033,2025-07-03,6.25,3.5384615384615383,39.06,46.15384615384615,1.6153846153846154,33.0,2025-07-09,1.0,0.91
19233,EQP033,2025-07-03,7.19,4.307692307692308,0.72,49.23076923076923,1.9230769230769231,33.0,2025-07-09,1.0,0.91
19188,EQP038,2025-07-03,1.17,9.0,7.31,60.77,1.0,38.0,2025-07-09,0.0,0.18
19206,EQP006,2025-07-03,4.78,9.0,0.48,59.7,0.0,6.0,2025-07-09,0.0,0.23
19156,EQP006,2025-07-03,13.92,8.0,87.0,41.61,1.0,6.0,2025-07-09,0.0,0.23
19190,EQP040,2025-07-03,15.75,5.0,98.44,50.89,0.0,40.0,2025-07-09,0.0,0.09
19162,EQP012,2025-07-03,16.518072371061873,16.0,98.61444851901437,57.61,2.0,12.0,2025-07-09,0.0,0.1
19240,EQP040,2025-07-03,8.7,12.0,0.87,43.4,0.0,40.0,2025-07-09,0.0,0.09
19189,EQP039,2025-07-03,11.53,6.0,72.06,62.97,1.0,39.0,2025-07-09,0.0,0.24
19239,EQP039,2025-07-03,5.31,7.0,0.53,60.15,0.0,39.0,2025-07-09,0.0,0.24
19200,EQP050,2025-07-03,9.65,3.5384615384615383,60.31,46.15384615384615,1.6153846153846154,50.0,2025-07-09,1.0,0.98
19201,EQP001,2025-07-03,5.19,9.0,0.52,59.74,0.0,1.0,2025-07-09,0.0,0.02
19222,EQP022,2025-07-03,7.13,8.0,0.71,63.75,0.0,22.0,2025-07-09,0.0,0.06
19151,EQP001,2025-07-03,13.06,7.0,81.62,51.78,1.0,1.0,2025-07-09,0.0,0.02
19199,EQP049,2025-07-03,7.55,5.0,47.19,59.39,2.0,49.0,2025-07-09,0.0,0.16
19223,EQP023,2025-07-03,7.77,11.0,0.78,48.14,1.0,23.0,2025-07-09,0.0,0.15
19173,EQP023,2025-07-03,11.94,3.0,74.62,40.84,2.0,23.0,2025-07-09,0.0,0.15
19250,EQP050,2025-07-03,6.32,4.307692307692308,0.63,49.23076923076923,1.9230769230769231,50.0,2025-07-09,1.0,0.98
19192,EQP042,2025-07-03,4.69,6.0,29.31,41.28,2.0,42.0,2025-07-09,0.0,0.17
19242,EQP042,2025-07-03,3.71,14.0,0.37,42.55,1.0,42.0,2025-07-09,0.0,0.17
19237,EQP037,2025-07-03,3.21,4.307692307692308,0.32,49.23076923076923,1.9230769230769231,37.0,2025-07-09,1.0,0.78
19226,EQP026,2025-07-03,5.91,4.307692307692308,0.59,49.23076923076923,1.9230769230769231,26.0,2025-07-09,1.0,0.79
19176,EQP026,2025-07-03,7.87,3.5384615384615383,49.19,46.15384615384615,1.6153846153846154,26.0,2025-07-09,1.0,0.79
19169,EQP019,2025-07-03,4.99,8.0,31.19,73.68,0.0,19.0,2025-07-09,0.0,0.13
19249,EQP049,2025-07-03,6.28,12.0,0.63,61.67,0.0,49.0,2025-07-09,0.0,0.16
19219,EQP019,2025-07-03,3.88,16.0,0.39,63.57,0.0,19.0,2025-07-09,0.0,0.13
19234,EQP034,2025-07-03,8.68,12.0,0.87,40.75,0.0,34.0,2025-07-09,0.0,0.22
19216,EQP016,2025-07-03,6.37,9.0,0.64,57.81,0.0,16.0,2025-07-09,0.0,0.23
19243,EQP043,2025-07-03,8.88,12.0,0.89,45.19,2.0,43.0,2025-07-09,0.0,0.09
19172,EQP022,2025-07-03,11.39,7.0,71.19,59.63,1.0,22.0,2025-07-09,0.0,0.06
19204,EQP004,2025-07-03,4.18,9.0,0.42,45.72,1.0,4.0,2025-07-09,0.0,0.18
19154,EQP004,2025-07-03,11.74,5.0,73.38,42.69,0.0,4.0,2025-07-09,0.0,0.18
19184,EQP034,2025-07-03,8.32,8.0,52.0,62.36,1.0,34.0,2025-07-09,0.0,0.22
19193,EQP043,2025-07-03,9.07,3.0,56.69,56.09,2.0,43.0,2025-07-09,0.0,0.09
19217,EQP017,2025-07-03,7.62,10.0,0.76,41.7,0.0,17.0,2025-07-09,0.0,0.19
19155,EQP005,2025-07-03,15.83,4.0,98.94,49.5,2.0,5.0,2025-07-09,0.0,0.01
19205,EQP005,2025-07-03,6.69,15.0,0.67,52.34,0.0,5.0,2025-07-09,0.0,0.01
19288,EQP038,2025-07-04,14.82,1.0,92.62,66.0,2.0,38.0,2025-07-09,0.0,0.18
19319,EQP019,2025-07-04,4.95,9.0,0.49,48.49,0.0,19.0,2025-07-09,0.0,0.13
19308,EQP008,2025-07-04,3.61,5.846153846153847,0.36,55.38461538461539,2.5384615384615383,8.0,2025-07-09,1.0,0.95
19326,EQP026,2025-07-04,5.3,5.846153846153847,0.53,55.38461538461539,2.5384615384615383,26.0,2025-07-09,1.0,0.79
19338,EQP038,2025-07-04,5.0,5.0,0.5,55.36,0.0,38.0,2025-07-09,0.0,0.18
19269,EQP019,2025-07-04,4.66,5.0,29.12,65.17,1.0,19.0,2025-07-09,0.0,0.13
19258,EQP008,2025-07-04,9.72,5.076923076923077,60.75,52.30769230769231,2.230769230769231,8.0,2025-07-09,1.0,0.95
19317,EQP017,2025-07-04,5.86,12.0,0.59,41.48,0.0,17.0,2025-07-09,0.0,0.19
19279,EQP029,2025-07-04,11.3,2.0,70.62,64.64,2.0,29.0,2025-07-09,0.0,0.22
19329,EQP029,2025-07-04,8.94,12.0,0.89,58.63,0.0,29.0,2025-07-09,0.0,0.22
19276,EQP026,2025-07-04,2.19,5.076923076923077,13.69,52.30769230769231,2.230769230769231,26.0,2025-07-09,1.0,0.79
19327,EQP027,2025-07-04,8.74,15.0,0.87,55.1,0.0,27.0,2025-07-09,0.0,0.22
19265,EQP015,2025-07-04,5.95,8.0,37.19,40.68,2.0,15.0,2025-07-09,0.0,0.05
19287,EQP037,2025-07-04,3.08,5.076923076923077,19.25,52.30769230769231,2.230769230769231,37.0,2025-07-09,1.0,0.78
19337,EQP037,2025-07-04,8.51,5.846153846153847,0.85,55.38461538461539,2.5384615384615383,37.0,2025-07-09,1.0,0.78
19275,EQP025,2025-07-04,4.37,1.0,27.31,60.23,6.0,25.0,2025-07-09,1.0,0.89
19325,EQP025,2025-07-04,8.2,15.0,0.82,46.96,0.0,25.0,2025-07-09,1.0,0.89
19255,EQP005,2025-07-04,6.27,4.0,39.19,73.72,0.0,5.0,2025-07-09,0.0,0.01
19278,EQP028,2025-07-04,4.96,5.076923076923077,31.0,52.30769230769231,2.230769230769231,28.0,2025-07-09,1.0,0.86
19328,EQP028,2025-07-04,6.26,5.846153846153847,0.63,55.38461538461539,2.5384615384615383,28.0,2025-07-09,1.0,0.86
19266,EQP016,2025-07-04,14.91,8.0,93.19,41.31,2.0,16.0,2025-07-09,0.0,0.23
19316,EQP016,2025-07-04,4.23,13.0,0.42,62.19,2.0,16.0,2025-07-09,0.0,0.23
19257,EQP007,2025-07-04,8.68,10.0,54.25,51.9,0.0,7.0,2025-07-09,0.0,0.18
19307,EQP007,2025-07-04,7.09,11.0,0.71,45.84,0.0,7.0,2025-07-09,0.0,0.18
19254,EQP004,2025-07-04,2.33,7.0,14.56,55.67,0.0,4.0,2025-07-09,0.0,0.18
19304,EQP004,2025-07-04,5.29,9.0,0.53,43.14,0.0,4.0,2025-07-09,0.0,0.18
19267,EQP017,2025-07-04,3.85,3.0,24.06,40.96,2.0,17.0,2025-07-09,0.0,0.19
19299,EQP049,2025-07-04,4.79,3.0,29.94,53.81,0.0,49.0,2025-07-09,0.0,0.16
19270,EQP020,2025-07-04,8.37,5.076923076923077,52.31,52.30769230769231,2.230769230769231,20.0,2025-07-09,1.0,0.86
19320,EQP020,2025-07-04,3.76,5.846153846153847,0.38,55.38461538461539,2.5384615384615383,20.0,2025-07-09,1.0,0.86
19291,EQP041,2025-07-04,12.21,9.0,76.31,62.0,1.0,41.0,2025-07-09,0.0,0.19
19336,EQP036,2025-07-04,8.85,18.0,0.89,50.57,0.0,36.0,2025-07-09,0.0,0.05
19286,EQP036,2025-07-04,11.87,7.0,74.19,55.15,1.0,36.0,2025-07-09,0.0,0.05
19296,EQP046,2025-07-04,8.32,2.0,52.0,62.58,1.0,46.0,2025-07-09,0.0,0.04
19346,EQP046,2025-07-04,4.43,7.0,0.44,47.91,0.0,46.0,2025-07-09,0.0,0.04
19277,EQP027,2025-07-04,12.69,10.0,79.31,44.07,2.0,27.0,2025-07-09,0.0,0.22
19303,EQP003,2025-07-04,6.66,16.0,0.67,64.07,0.0,3.0,2025-07-09,0.0,0.15
19253,EQP003,2025-07-04,7.03,9.0,43.94,54.94,1.0,3.0,2025-07-09,0.0,0.15
19340,EQP040,2025-07-04,7.79,18.0,0.78,47.42,0.0,40.0,2025-07-09,0.0,0.09
19290,EQP040,2025-07-04,11.66,9.0,72.88,55.41,0.0,40.0,2025-07-09,0.0,0.09
19315,EQP015,2025-07-04,7.15,15.0,0.72,42.2,0.0,15.0,2025-07-09,0.0,0.05
19349,EQP049,2025-07-04,8.66,15.0,0.87,54.69,0.0,49.0,2025-07-09,0.0,0.16
19305,EQP005,2025-07-04,4.31,12.0,0.43,45.02,0.0,5.0,2025-07-09,0.0,0.01
19274,EQP024,2025-07-04,14.67,9.0,99.09622635380741,82.43803386708178,4.0,24.0,2025-07-09,0.0,0.02
19350,EQP050,2025-07-04,8.75,5.846153846153847,0.88,55.38461538461539,2.5384615384615383,50.0,2025-07-09,1.0,0.98
19284,EQP034,2025-07-04,2.27,6.0,14.19,78.55,0.0,34.0,2025-07-09,0.0,0.22
19334,EQP034,2025-07-04,4.44,15.0,0.44,61.16,0.0,34.0,2025-07-09,0.0,0.22
19344,EQP044,2025-07-04,5.72,17.0,0.57,57.39,0.0,44.0,2025-07-09,0.0,0.12
19342,EQP042,2025-07-04,7.14,11.0,0.71,50.5,0.0,42.0,2025-07-09,0.0,0.17
19292,EQP042,2025-07-04,16.387681537955654,3.0,96.14090641411262,78.14,4.0,42.0,2025-07-09,0.0,0.17
19273,EQP023,2025-07-04,9.63,1.0,60.19,76.8,0.0,23.0,2025-07-09,0.0,0.15
19310,EQP010,2025-07-04,6.27,13.0,0.63,50.77,0.0,10.0,2025-07-09,0.0,0.02
19331,EQP031,2025-07-04,7.64,5.846153846153847,0.76,55.38461538461539,2.5384615384615383,31.0,2025-07-09,1.0,0.96
19260,EQP010,2025-07-04,4.99,6.0,31.19,51.14,2.0,10.0,2025-07-09,0.0,0.02
19323,EQP023,2025-07-04,8.59,11.0,0.86,55.97,0.0,23.0,2025-07-09,0.0,0.15
19318,EQP018,2025-07-04,3.05,5.846153846153847,0.3,55.38461538461539,2.5384615384615383,18.0,2025-07-09,1.0,0.91
19297,EQP047,2025-07-04,13.32,9.0,83.25,62.89,2.0,47.0,2025-07-09,0.0,0.25
19347,EQP047,2025-07-04,4.83,17.0,0.48,62.71,0.0,47.0,2025-07-09,0.0,0.25
19345,EQP045,2025-07-04,7.17,8.0,0.72,61.1,0.0,45.0,2025-07-09,0.0,0.14
19295,EQP045,2025-07-04,10.38,5.0,64.88,46.77,2.0,45.0,2025-07-09,0.0,0.14
19348,EQP048,2025-07-04,4.65,10.0,0.47,49.89,0.0,48.0,2025-07-09,0.0,0.07
19281,EQP031,2025-07-04,11.85,5.076923076923077,74.06,52.30769230769231,2.230769230769231,31.0,2025-07-09,1.0,0.96
19301,EQP001,2025-07-04,5.01,10.0,0.5,64.02,0.0,1.0,2025-07-09,0.0,0.02
19251,EQP001,2025-07-04,7.15,9.0,44.69,44.24,0.0,1.0,2025-07-09,0.0,0.02
19313,EQP013,2025-07-04,7.6,16.0,0.76,40.92,0.0,13.0,2025-07-09,0.0,0.08
19262,EQP012,2025-07-04,3.23,9.0,20.19,72.25,2.0,12.0,2025-07-09,0.0,0.1
19312,EQP012,2025-07-04,5.08,17.0,0.51,55.9,0.0,12.0,2025-07-09,0.0,0.1
19343,EQP043,2025-07-04,5.62,6.0,0.56,55.74,0.0,43.0,2025-07-09,0.0,0.09
19293,EQP043,2025-07-04,5.95,3.0,37.19,44.27,1.0,43.0,2025-07-09,0.0,0.09
19332,EQP032,2025-07-04,5.28,9.0,0.53,46.31,0.0,32.0,2025-07-09,0.0,0.08
19282,EQP032,2025-07-04,11.69,3.0,73.06,54.7,2.0,32.0,2025-07-09,0.0,0.08
19283,EQP033,2025-07-04,13.48,5.076923076923077,84.25,52.30769230769231,2.230769230769231,33.0,2025-07-09,1.0,0.91
19333,EQP033,2025-07-04,6.01,5.846153846153847,0.6,55.38461538461539,2.5384615384615383,33.0,2025-07-09,1.0,0.91
19272,EQP022,2025-07-04,4.65,2.0,29.06,66.12,2.0,22.0,2025-07-09,0.0,0.06
19322,EQP022,2025-07-04,6.46,7.0,0.65,58.19,0.0,22.0,2025-07-09,0.0,0.06
19339,EQP039,2025-07-04,8.57,15.0,0.86,52.49,0.0,39.0,2025-07-09,0.0,0.24
19289,EQP039,2025-07-04,14.62,1.0,91.38,60.34,1.0,39.0,2025-07-09,0.0,0.24
19321,EQP021,2025-07-04,3.52,18.0,0.35,58.04,0.0,21.0,2025-07-09,1.0,0.94
19271,EQP021,2025-07-04,14.03,8.0,87.69,52.86,6.0,21.0,2025-07-09,1.0,0.94
19311,EQP011,2025-07-04,6.01,17.0,0.6,61.35,0.0,11.0,2025-07-09,0.0,0.24
19261,EQP011,2025-07-04,5.18,4.0,32.38,71.37,1.0,11.0,2025-07-09,0.0,0.24
19263,EQP013,2025-07-04,11.71,5.0,73.19,64.82,2.0,13.0,2025-07-09,0.0,0.08
19298,EQP048,2025-07-04,7.61,6.0,47.56,69.78,1.0,48.0,2025-07-09,0.0,0.07
19268,EQP018,2025-07-04,11.68,5.076923076923077,73.0,52.30769230769231,2.230769230769231,18.0,2025-07-09,1.0,0.91
19256,EQP006,2025-07-04,16.949567943228978,8.0,98.90310411263779,79.18014592843366,0.0,6.0,2025-07-09,0.0,0.23
19309,EQP009,2025-07-04,3.71,5.0,0.37,54.07,0.0,9.0,2025-07-09,0.0,0.13
19330,EQP030,2025-07-04,3.42,18.0,0.34,53.0,1.0,30.0,2025-07-09,0.0,0.08
19285,EQP035,2025-07-04,5.26,2.0,32.88,77.37,1.0,35.0,2025-07-09,0.0,0.13
19324,EQP024,2025-07-04,6.88,15.0,0.69,59.86,0.0,24.0,2025-07-09,0.0,0.02
19280,EQP030,2025-07-04,1.9,6.0,11.88,59.92,2.0,30.0,2025-07-09,0.0,0.08
19264,EQP014,2025-07-04,11.64,5.0,72.75,41.49,2.0,14.0,2025-07-09,0.0,0.22
19314,EQP014,2025-07-04,6.9,12.0,0.69,57.03,0.0,14.0,2025-07-09,0.0,0.22
19335,EQP035,2025-07-04,7.32,10.0,0.73,63.43,0.0,35.0,2025-07-09,0.0,0.13
19306,EQP006,2025-07-04,4.71,18.0,0.47,55.03,0.0,6.0,2025-07-09,0.0,0.23
19302,EQP002,2025-07-04,3.76,16.0,0.38,62.55,0.0,2.0,2025-07-09,0.0,0.03
19259,EQP009,2025-07-04,3.65,6.0,22.81,68.99,0.0,9.0,2025-07-09,0.0,0.13
19341,EQP041,2025-07-04,7.57,16.0,0.76,55.82,0.0,41.0,2025-07-09,0.0,0.19
19252,EQP002,2025-07-04,2.8,4.0,17.5,67.24,2.0,2.0,2025-07-09,0.0,0.03
19300,EQP050,2025-07-04,18.587713854935025,5.076923076923077,22.94,52.30769230769231,2.230769230769231,50.0,2025-07-09,1.0,0.98
19294,EQP044,2025-07-04,2.49,9.0,15.56,67.48,2.0,44.0,2025-07-09,0.0,0.12
19411,EQP011,2025-07-05,5.62,17.0,0.56,48.35,0.0,11.0,2025-07-09,0.0,0.24
19367,EQP017,2025-07-05,5.49,14.0,96.58408127122189,83.30462145939046,1.0,17.0,2025-07-09,0.0,0.19
19372,EQP022,2025-07-05,7.93,9.0,49.56,77.93,2.0,22.0,2025-07-09,0.0,0.06
19422,EQP022,2025-07-05,4.27,10.0,0.43,49.85,0.0,22.0,2025-07-09,0.0,0.06
19429,EQP029,2025-07-05,7.13,18.0,0.71,40.98,1.0,29.0,2025-07-09,0.0,0.22
19426,EQP026,2025-07-05,6.91,7.384615384615384,0.69,61.53846153846153,3.1538461538461537,26.0,2025-07-09,1.0,0.79
19379,EQP029,2025-07-05,12.83,10.0,80.19,71.18,0.0,29.0,2025-07-09,0.0,0.22
19421,EQP021,2025-07-05,7.18,6.0,0.72,62.18,0.0,21.0,2025-07-09,1.0,0.94
19371,EQP021,2025-07-05,12.88,7.0,80.5,52.48,4.0,21.0,2025-07-09,1.0,0.94
19376,EQP026,2025-07-05,14.19,6.615384615384616,88.69,58.46153846153847,2.8461538461538463,26.0,2025-07-09,1.0,0.79
19361,EQP011,2025-07-05,8.67,6.0,54.19,71.98,0.0,11.0,2025-07-09,0.0,0.24
19363,EQP013,2025-07-05,9.91,1.0,61.94,72.38,2.0,13.0,2025-07-09,0.0,0.08
19396,EQP046,2025-07-05,8.56,2.0,53.5,51.54,0.0,46.0,2025-07-09,0.0,0.04
19441,EQP041,2025-07-05,5.18,6.0,0.52,47.83,0.0,41.0,2025-07-09,0.0,0.19
19390,EQP040,2025-07-05,1.94,6.0,12.12,67.02,2.0,40.0,2025-07-09,0.0,0.09
19391,EQP041,2025-07-05,1.05,4.0,6.56,56.47,1.0,41.0,2025-07-09,0.0,0.19
19446,EQP046,2025-07-05,7.76,16.0,0.78,48.44,2.0,46.0,2025-07-09,0.0,0.04
19440,EQP040,2025-07-05,6.77,9.0,0.68,59.49,0.0,40.0,2025-07-09,0.0,0.09
19436,EQP036,2025-07-05,8.72,5.0,0.87,57.75,2.0,36.0,2025-07-09,0.0,0.05
19404,EQP004,2025-07-05,3.19,12.0,0.32,52.74,1.0,4.0,2025-07-09,0.0,0.18
19356,EQP006,2025-07-05,14.95,7.0,93.44,64.7,0.0,6.0,2025-07-09,0.0,0.23
19406,EQP006,2025-07-05,3.45,14.0,0.35,41.61,0.0,6.0,2025-07-09,0.0,0.23
19420,EQP020,2025-07-05,3.74,7.384615384615384,0.37,61.53846153846153,3.1538461538461537,20.0,2025-07-09,1.0,0.86
19362,EQP012,2025-07-05,14.62,9.0,91.38,47.94,2.0,12.0,2025-07-09,0.0,0.1
19412,EQP012,2025-07-05,6.75,7.0,0.68,57.84,0.0,12.0,2025-07-09,0.0,0.1
19439,EQP039,2025-07-05,4.87,5.0,0.49,47.98,0.0,39.0,2025-07-09,0.0,0.24
19389,EQP039,2025-07-05,3.86,5.0,24.12,74.99,0.0,39.0,2025-07-09,0.0,0.24
19450,EQP050,2025-07-05,7.04,7.384615384615384,0.7,61.53846153846153,3.1538461538461537,50.0,2025-07-09,1.0,0.98
19443,EQP043,2025-07-05,4.84,18.0,0.48,54.94,0.0,43.0,2025-07-09,0.0,0.09
19393,EQP043,2025-07-05,8.01,3.0,50.06,50.46,0.0,43.0,2025-07-09,0.0,0.09
19370,EQP020,2025-07-05,13.61,6.615384615384616,85.06,58.46153846153847,2.8461538461538463,20.0,2025-07-09,1.0,0.86
19424,EQP024,2025-07-05,6.67,8.0,0.67,47.09,1.0,24.0,2025-07-09,0.0,0.02
19432,EQP032,2025-07-05,5.38,8.0,0.54,61.24,0.0,32.0,2025-07-09,0.0,0.08
19438,EQP038,2025-07-05,3.06,5.0,0.31,61.38,0.0,38.0,2025-07-09,0.0,0.18
19388,EQP038,2025-07-05,11.17,6.0,69.81,73.63,0.0,38.0,2025-07-09,0.0,0.18
19382,EQP032,2025-07-05,10.15,4.0,63.44,67.44,0.0,32.0,2025-07-09,0.0,0.08
19408,EQP008,2025-07-05,7.25,7.384615384615384,0.72,61.53846153846153,3.1538461538461537,8.0,2025-07-09,1.0,0.95
19358,EQP008,2025-07-05,14.39,6.615384615384616,89.94,58.46153846153847,2.8461538461538463,8.0,2025-07-09,1.0,0.95
19374,EQP024,2025-07-05,13.67,7.0,85.44,43.46,0.0,24.0,2025-07-09,0.0,0.02
19435,EQP035,2025-07-05,7.72,6.0,0.77,56.65,0.0,35.0,2025-07-09,0.0,0.13
19369,EQP019,2025-07-05,9.59,2.0,59.94,43.54,1.0,19.0,2025-07-09,0.0,0.13
19419,EQP019,2025-07-05,3.88,10.0,0.39,58.6,0.0,19.0,2025-07-09,0.0,0.13
19383,EQP033,2025-07-05,17.591610363891625,6.615384615384616,93.36791321693353,58.46153846153847,2.8461538461538463,33.0,2025-07-09,1.0,0.91
19433,EQP033,2025-07-05,6.76,7.384615384615384,0.68,61.53846153846153,3.1538461538461537,33.0,2025-07-09,1.0,0.91
19385,EQP035,2025-07-05,2.41,10.0,15.06,75.23,2.0,35.0,2025-07-09,0.0,0.13
19417,EQP017,2025-07-05,4.85,13.0,0.48,61.64,0.0,17.0,2025-07-09,0.0,0.19
19354,EQP004,2025-07-05,11.06,10.0,69.12,43.25,1.0,4.0,2025-07-09,0.0,0.18
19414,EQP014,2025-07-05,3.5,12.0,0.35,52.23,0.0,14.0,2025-07-09,0.0,0.22
19399,EQP049,2025-07-05,11.66,5.0,72.88,69.19,2.0,49.0,2025-07-09,0.0,0.16
19403,EQP003,2025-07-05,6.28,8.0,0.63,64.54,0.0,3.0,2025-07-09,0.0,0.15
19373,EQP023,2025-07-05,11.49,7.0,71.81,59.01,1.0,23.0,2025-07-09,0.0,0.15
19423,EQP023,2025-07-05,8.13,8.0,0.81,43.87,1.0,23.0,2025-07-09,0.0,0.15
19368,EQP018,2025-07-05,5.82,6.615384615384616,36.38,58.46153846153847,2.8461538461538463,18.0,2025-07-09,1.0,0.91
19378,EQP028,2025-07-05,8.8,6.615384615384616,55.0,58.46153846153847,2.8461538461538463,28.0,2025-07-09,1.0,0.86
19428,EQP028,2025-07-05,3.42,7.384615384615384,0.34,61.53846153846153,3.1538461538461537,28.0,2025-07-09,1.0,0.86
19409,EQP009,2025-07-05,4.26,13.0,0.43,52.63,0.0,9.0,2025-07-09,0.0,0.13
19448,EQP048,2025-07-05,5.29,9.0,0.53,52.88,2.0,48.0,2025-07-09,0.0,0.07
19402,EQP002,2025-07-05,5.24,15.0,0.52,43.82,0.0,2.0,2025-07-09,0.0,0.03
19394,EQP044,2025-07-05,6.06,10.0,37.88,51.9,0.0,44.0,2025-07-09,0.0,0.12
19445,EQP045,2025-07-05,5.32,16.0,0.53,60.67,0.0,45.0,2025-07-09,0.0,0.14
19353,EQP003,2025-07-05,13.2,9.0,82.5,71.02,2.0,3.0,2025-07-09,0.0,0.15
19357,EQP007,2025-07-05,15.47,2.0,96.69,78.63,1.0,7.0,2025-07-09,0.0,0.18
19395,EQP045,2025-07-05,3.48,8.0,21.75,56.96,0.0,45.0,2025-07-09,0.0,0.14
19444,EQP044,2025-07-05,7.74,18.0,0.77,53.11,0.0,44.0,2025-07-09,0.0,0.12
19352,EQP002,2025-07-05,10.89,10.0,68.06,48.94,0.0,2.0,2025-07-09,0.0,0.03
19398,EQP048,2025-07-05,6.32,5.0,39.5,74.03,1.0,48.0,2025-07-09,0.0,0.07
19400,EQP050,2025-07-05,12.36,6.615384615384616,77.25,58.46153846153847,2.8461538461538463,50.0,2025-07-09,1.0,0.98
19397,EQP047,2025-07-05,15.42,9.0,96.38,49.67,0.0,47.0,2025-07-09,0.0,0.25
19447,EQP047,2025-07-05,3.26,14.0,0.33,54.82,0.0,47.0,2025-07-09,0.0,0.25
19430,EQP030,2025-07-05,3.77,6.0,0.38,55.35,0.0,30.0,2025-07-09,0.0,0.08
19380,EQP030,2025-07-05,8.08,6.0,50.5,56.53,0.0,30.0,2025-07-09,0.0,0.08
19427,EQP027,2025-07-05,3.24,9.0,0.32,60.83,0.0,27.0,2025-07-09,0.0,0.22
19377,EQP027,2025-07-05,15.62,1.0,97.62,52.33,1.0,27.0,2025-07-09,0.0,0.22
19407,EQP007,2025-07-05,5.55,5.0,0.55,49.38,0.0,7.0,2025-07-09,0.0,0.18
19449,EQP049,2025-07-05,4.13,9.0,0.41,48.36,0.0,49.0,2025-07-09,0.0,0.16
19359,EQP009,2025-07-05,14.46,5.0,90.38,70.18,2.0,9.0,2025-07-09,0.0,0.13
19410,EQP010,2025-07-05,8.09,5.0,0.81,60.33,1.0,10.0,2025-07-09,0.0,0.02
19413,EQP013,2025-07-05,3.74,6.0,0.37,60.88,2.0,13.0,2025-07-09,0.0,0.08
19386,EQP036,2025-07-05,12.27,8.0,76.69,51.77,1.0,36.0,2025-07-09,0.0,0.05
19364,EQP014,2025-07-05,16.48243934292747,12.0,70.06,59.25,5.0,14.0,2025-07-09,0.0,0.22
19351,EQP001,2025-07-05,13.7,10.0,85.62,69.29,1.0,1.0,2025-07-09,0.0,0.02
19401,EQP001,2025-07-05,8.72,15.0,0.87,62.51,1.0,1.0,2025-07-09,0.0,0.02
19405,EQP005,2025-07-05,4.24,15.0,0.42,61.28,0.0,5.0,2025-07-09,0.0,0.01
19355,EQP005,2025-07-05,12.48,2.0,78.0,65.48,1.0,5.0,2025-07-09,0.0,0.01
19418,EQP018,2025-07-05,8.24,7.384615384615384,0.82,61.53846153846153,3.1538461538461537,18.0,2025-07-09,1.0,0.91
19360,EQP010,2025-07-05,2.36,3.0,14.75,43.83,2.0,10.0,2025-07-09,0.0,0.02
19381,EQP031,2025-07-05,3.92,6.615384615384616,24.5,58.46153846153847,2.8461538461538463,31.0,2025-07-09,1.0,0.96
19431,EQP031,2025-07-05,5.68,7.384615384615384,0.57,61.53846153846153,3.1538461538461537,31.0,2025-07-09,1.0,0.96
19366,EQP016,2025-07-05,3.0,2.0,18.75,66.37,2.0,16.0,2025-07-09,0.0,0.23
19384,EQP034,2025-07-05,1.69,5.0,10.56,60.39,1.0,34.0,2025-07-09,0.0,0.22
19425,EQP025,2025-07-05,8.77,15.0,0.88,44.46,0.0,25.0,2025-07-09,1.0,0.89
19375,EQP025,2025-07-05,14.67,10.0,91.69,69.04,3.0,25.0,2025-07-09,1.0,0.89
19434,EQP034,2025-07-05,8.7,6.0,0.87,55.07,0.0,34.0,2025-07-09,0.0,0.22
19442,EQP042,2025-07-05,4.44,13.0,0.44,61.67,0.0,42.0,2025-07-09,0.0,0.17
19387,EQP037,2025-07-05,15.08,6.615384615384616,94.25,58.46153846153847,2.8461538461538463,37.0,2025-07-09,1.0,0.78
19392,EQP042,2025-07-05,9.55,6.0,59.69,64.76,1.0,42.0,2025-07-09,0.0,0.17
19365,EQP015,2025-07-05,11.79,2.0,73.69,65.64,0.0,15.0,2025-07-09,0.0,0.05
19415,EQP015,2025-07-05,6.47,8.0,0.65,62.24,0.0,15.0,2025-07-09,0.0,0.05
19416,EQP016,2025-07-05,8.73,5.0,0.87,51.92,0.0,16.0,2025-07-09,0.0,0.23
19437,EQP037,2025-07-05,3.07,7.384615384615384,0.31,61.53846153846153,3.1538461538461537,37.0,2025-07-09,1.0,0.78
19455,EQP005,2025-07-06,13.95,8.0,87.19,40.81,1.0,5.0,2025-07-09,0.0,0.01
19476,EQP026,2025-07-06,13.43,8.153846153846153,83.94,64.61538461538461,3.4615384615384617,26.0,2025-07-09,1.0,0.79
19526,EQP026,2025-07-06,7.72,8.923076923076923,0.77,67.6923076923077,3.769230769230769,26.0,2025-07-09,1.0,0.79
19470,EQP020,2025-07-06,1.9,8.153846153846153,11.88,64.61538461538461,3.4615384615384617,20.0,2025-07-09,1.0,0.86
19490,EQP040,2025-07-06,15.34,6.0,95.88,58.48,0.0,40.0,2025-07-09,0.0,0.09
19547,EQP047,2025-07-06,6.14,12.0,0.61,54.52,0.0,47.0,2025-07-09,0.0,0.25
19497,EQP047,2025-07-06,2.07,10.0,12.94,68.41,0.0,47.0,2025-07-09,0.0,0.25
19523,EQP023,2025-07-06,6.39,16.0,0.64,61.55,0.0,23.0,2025-07-09,0.0,0.15
19473,EQP023,2025-07-06,9.3,10.0,58.13,46.76,2.0,23.0,2025-07-09,0.0,0.15
19492,EQP042,2025-07-06,12.01,1.0,75.06,76.47,1.0,42.0,2025-07-09,0.0,0.17
19542,EQP042,2025-07-06,3.6,6.0,0.36,45.07,0.0,42.0,2025-07-09,0.0,0.17
19452,EQP002,2025-07-06,4.67,2.0,29.19,42.85,1.0,2.0,2025-07-09,0.0,0.03
19501,EQP001,2025-07-06,4.39,10.0,0.44,51.13,1.0,1.0,2025-07-09,0.0,0.02
19471,EQP021,2025-07-06,10.39,8.0,64.94,57.38,5.0,21.0,2025-07-09,1.0,0.94
19521,EQP021,2025-07-06,3.25,15.0,0.33,64.59,1.0,21.0,2025-07-09,1.0,0.94
19522,EQP022,2025-07-06,4.1,7.0,0.41,45.22,0.0,22.0,2025-07-09,0.0,0.06
19472,EQP022,2025-07-06,15.29,5.0,95.56,41.68,1.0,22.0,2025-07-09,0.0,0.06
19493,EQP043,2025-07-06,2.24,5.0,14.0,54.62,2.0,43.0,2025-07-09,0.0,0.09
19543,EQP043,2025-07-06,6.42,11.0,0.64,50.37,0.0,43.0,2025-07-09,0.0,0.09
19451,EQP001,2025-07-06,10.41,3.0,65.06,69.74,2.0,1.0,2025-07-09,0.0,0.02
19502,EQP002,2025-07-06,8.02,9.0,0.8,52.3,0.0,2.0,2025-07-09,0.0,0.03
19541,EQP041,2025-07-06,4.18,7.0,0.42,62.08,0.0,41.0,2025-07-09,0.0,0.19
19491,EQP041,2025-07-06,15.19,1.0,94.94,53.16,1.0,41.0,2025-07-09,0.0,0.19
19540,EQP040,2025-07-06,3.35,17.0,0.34,56.91,0.0,40.0,2025-07-09,0.0,0.09
19550,EQP050,2025-07-06,5.31,8.923076923076923,0.53,67.6923076923077,3.769230769230769,50.0,2025-07-09,1.0,0.98
19504,EQP004,2025-07-06,8.65,6.0,0.86,60.19,0.0,4.0,2025-07-09,0.0,0.18
19454,EQP004,2025-07-06,12.39,8.0,77.44,44.5,0.0,4.0,2025-07-09,0.0,0.18
19519,EQP019,2025-07-06,7.75,16.0,0.78,48.08,0.0,19.0,2025-07-09,0.0,0.13
19525,EQP025,2025-07-06,4.54,13.0,0.45,51.64,0.0,25.0,2025-07-09,1.0,0.89
19475,EQP025,2025-07-06,4.72,8.0,29.5,41.22,7.0,25.0,2025-07-09,1.0,0.89
19544,EQP044,2025-07-06,6.98,12.0,0.7,55.92,0.0,44.0,2025-07-09,0.0,0.12
19494,EQP044,2025-07-06,2.13,4.0,13.31,77.24,0.0,44.0,2025-07-09,0.0,0.12
19503,EQP003,2025-07-06,4.09,13.0,0.41,47.27,0.0,3.0,2025-07-09,0.0,0.15
19453,EQP003,2025-07-06,15.01,4.0,93.81,58.52,2.0,3.0,2025-07-09,0.0,0.15
19505,EQP005,2025-07-06,4.45,7.0,0.45,50.06,0.0,5.0,2025-07-09,0.0,0.01
19520,EQP020,2025-07-06,5.22,8.923076923076923,0.52,67.6923076923077,3.769230769230769,20.0,2025-07-09,1.0,0.86
19524,EQP024,2025-07-06,7.56,14.0,0.76,47.56,0.0,24.0,2025-07-09,0.0,0.02
19474,EQP024,2025-07-06,3.19,5.0,19.94,42.25,1.0,24.0,2025-07-09,0.0,0.02
19469,EQP019,2025-07-06,2.51,7.0,15.69,73.32,0.0,19.0,2025-07-09,0.0,0.13
19500,EQP050,2025-07-06,12.01,8.153846153846153,101.95364808776523,64.61538461538461,3.4615384615384617,50.0,2025-07-09,1.0,0.98
19517,EQP017,2025-07-06,5.78,6.0,0.58,59.26,2.0,17.0,2025-07-09,0.0,0.19
19463,EQP013,2025-07-06,6.18,3.0,38.62,55.4,1.0,13.0,2025-07-09,0.0,0.08
19458,EQP008,2025-07-06,6.03,8.153846153846153,37.69,64.61538461538461,3.4615384615384617,8.0,2025-07-09,1.0,0.95
19479,EQP029,2025-07-06,15.4,9.0,96.25,64.66,2.0,29.0,2025-07-09,0.0,0.22
19538,EQP038,2025-07-06,5.61,15.0,0.56,56.27,1.0,38.0,2025-07-09,0.0,0.18
19488,EQP038,2025-07-06,3.71,4.0,23.19,47.31,2.0,38.0,2025-07-09,0.0,0.18
19483,EQP033,2025-07-06,5.84,8.153846153846153,95.24857642515128,64.61538461538461,3.4615384615384617,33.0,2025-07-09,1.0,0.91
19533,EQP033,2025-07-06,5.52,8.923076923076923,0.55,67.6923076923077,3.769230769230769,33.0,2025-07-09,1.0,0.91
19507,EQP007,2025-07-06,8.81,14.0,0.88,46.45,0.0,7.0,2025-07-09,0.0,0.18
19457,EQP007,2025-07-06,4.95,4.0,30.94,44.57,1.0,7.0,2025-07-09,0.0,0.18
19467,EQP017,2025-07-06,3.38,2.0,21.12,61.0,0.0,17.0,2025-07-09,0.0,0.19
19528,EQP028,2025-07-06,7.88,8.923076923076923,0.79,67.6923076923077,3.769230769230769,28.0,2025-07-09,1.0,0.86
19478,EQP028,2025-07-06,9.31,8.153846153846153,58.19,64.61538461538461,3.4615384615384617,28.0,2025-07-09,1.0,0.86
19464,EQP014,2025-07-06,4.9,9.0,30.63,76.46,2.0,14.0,2025-07-09,0.0,0.22
19546,EQP046,2025-07-06,7.23,7.0,0.72,52.31,0.0,46.0,2025-07-09,0.0,0.04
19496,EQP046,2025-07-06,5.74,2.0,35.88,76.95,0.0,46.0,2025-07-09,0.0,0.04
19514,EQP014,2025-07-06,5.06,10.0,0.51,44.5,0.0,14.0,2025-07-09,0.0,0.22
19487,EQP037,2025-07-06,12.72,8.153846153846153,79.5,64.61538461538461,3.4615384615384617,37.0,2025-07-09,1.0,0.78
19486,EQP036,2025-07-06,9.92,4.0,62.0,65.03,1.0,36.0,2025-07-09,0.0,0.05
19534,EQP034,2025-07-06,4.02,15.0,0.4,63.64,2.0,34.0,2025-07-09,0.0,0.22
19537,EQP037,2025-07-06,3.6,8.923076923076923,0.36,67.6923076923077,3.769230769230769,37.0,2025-07-09,1.0,0.78
19484,EQP034,2025-07-06,9.09,2.0,56.81,71.66,2.0,34.0,2025-07-09,0.0,0.22
19481,EQP031,2025-07-06,2.53,8.153846153846153,15.81,64.61538461538461,3.4615384615384617,31.0,2025-07-09,1.0,0.96
19531,EQP031,2025-07-06,6.62,8.923076923076923,0.66,67.6923076923077,3.769230769230769,31.0,2025-07-09,1.0,0.96
19549,EQP049,2025-07-06,7.44,8.0,0.74,64.77,0.0,49.0,2025-07-09,0.0,0.16
19499,EQP049,2025-07-06,7.95,10.0,49.69,59.89,1.0,49.0,2025-07-09,0.0,0.16
19466,EQP016,2025-07-06,5.49,7.0,34.31,47.58,0.0,16.0,2025-07-09,0.0,0.23
19529,EQP029,2025-07-06,8.85,7.0,0.89,44.49,0.0,29.0,2025-07-09,0.0,0.22
19485,EQP035,2025-07-06,7.89,3.0,49.31,67.94,2.0,35.0,2025-07-09,0.0,0.13
19516,EQP016,2025-07-06,5.32,11.0,0.53,54.96,0.0,16.0,2025-07-09,0.0,0.23
19535,EQP035,2025-07-06,6.73,6.0,0.67,45.79,1.0,35.0,2025-07-09,0.0,0.13
19482,EQP032,2025-07-06,5.48,2.0,34.25,79.16,0.0,32.0,2025-07-09,0.0,0.08
19532,EQP032,2025-07-06,7.06,6.0,0.71,57.55,1.0,32.0,2025-07-09,0.0,0.08
19508,EQP008,2025-07-06,5.25,8.923076923076923,0.53,67.6923076923077,3.769230769230769,8.0,2025-07-09,1.0,0.95
19509,EQP009,2025-07-06,3.33,12.0,0.33,45.26,0.0,9.0,2025-07-09,0.0,0.13
19536,EQP036,2025-07-06,5.96,8.0,0.6,58.0,0.0,36.0,2025-07-09,0.0,0.05
19539,EQP039,2025-07-06,7.48,15.0,0.75,61.27,0.0,39.0,2025-07-09,0.0,0.24
19548,EQP048,2025-07-06,8.26,14.0,0.83,45.74,0.0,48.0,2025-07-09,0.0,0.07
19460,EQP010,2025-07-06,2.39,10.0,98.27267041671932,81.90037088937939,5.0,10.0,2025-07-09,0.0,0.02
19489,EQP039,2025-07-06,14.4,1.0,90.0,40.79,0.0,39.0,2025-07-09,0.0,0.24
19510,EQP010,2025-07-06,3.29,6.0,0.33,55.37,0.0,10.0,2025-07-09,0.0,0.02
19518,EQP018,2025-07-06,7.81,8.923076923076923,0.78,67.6923076923077,3.769230769230769,18.0,2025-07-09,1.0,0.91
19468,EQP018,2025-07-06,10.86,8.153846153846153,67.88,64.61538461538461,3.4615384615384617,18.0,2025-07-09,1.0,0.91
19462,EQP012,2025-07-06,3.91,4.0,24.44,76.96,2.0,12.0,2025-07-09,0.0,0.1
19459,EQP009,2025-07-06,2.45,6.0,15.31,63.39,1.0,9.0,2025-07-09,0.0,0.13
19527,EQP027,2025-07-06,6.57,7.0,0.66,53.71,0.0,27.0,2025-07-09,0.0,0.22
19498,EQP048,2025-07-06,15.08,5.0,94.25,63.55,0.0,48.0,2025-07-09,0.0,0.07
19512,EQP012,2025-07-06,4.64,11.0,0.46,58.37,0.0,12.0,2025-07-09,0.0,0.1
19477,EQP027,2025-07-06,1.47,1.0,9.19,68.34,1.0,27.0,2025-07-09,0.0,0.22
19545,EQP045,2025-07-06,4.22,9.0,0.42,43.84,0.0,45.0,2025-07-09,0.0,0.14
19495,EQP045,2025-07-06,16.08255223024637,16.0,51.38,56.08,5.0,45.0,2025-07-09,0.0,0.14
19515,EQP015,2025-07-06,7.7,14.0,0.77,63.14,0.0,15.0,2025-07-09,0.0,0.05
19511,EQP011,2025-07-06,5.1,7.0,0.51,61.27,1.0,11.0,2025-07-09,0.0,0.24
19461,EQP011,2025-07-06,6.0,9.0,37.5,79.23,0.0,11.0,2025-07-09,0.0,0.24
19506,EQP006,2025-07-06,8.81,7.0,0.88,63.84,0.0,6.0,2025-07-09,0.0,0.23
19530,EQP030,2025-07-06,4.24,7.0,0.42,49.8,0.0,30.0,2025-07-09,0.0,0.08
19465,EQP015,2025-07-06,13.99,3.0,87.44,70.7,1.0,15.0,2025-07-09,0.0,0.05
19513,EQP013,2025-07-06,7.98,10.0,0.8,50.53,0.0,13.0,2025-07-09,0.0,0.08
19480,EQP030,2025-07-06,12.36,1.0,77.25,63.04,1.0,30.0,2025-07-09,0.0,0.08
19456,EQP006,2025-07-06,2.12,9.0,13.25,62.2,0.0,6.0,2025-07-09,0.0,0.23
19615,EQP015,2025-07-07,8.97,15.0,0.9,63.68,0.0,15.0,2025-07-09,0.0,0.05
19601,EQP001,2025-07-07,3.8,7.0,0.38,41.02,0.0,1.0,2025-07-09,0.0,0.02
19551,EQP001,2025-07-07,11.12,3.0,69.5,53.38,1.0,1.0,2025-07-09,0.0,0.02
19603,EQP003,2025-07-07,8.43,12.0,0.84,45.04,0.0,3.0,2025-07-09,0.0,0.15
19570,EQP020,2025-07-07,1.81,9.692307692307693,11.31,70.76923076923077,4.076923076923077,20.0,2025-07-09,1.0,0.86
19620,EQP020,2025-07-07,4.13,10.461538461538462,0.41,73.84615384615384,4.384615384615385,20.0,2025-07-09,1.0,0.86
19581,EQP031,2025-07-07,9.85,9.692307692307693,61.56,70.76923076923077,4.076923076923077,31.0,2025-07-09,1.0,0.96
19558,EQP008,2025-07-07,13.36,9.692307692307693,83.5,70.76923076923077,4.076923076923077,8.0,2025-07-09,1.0,0.95
19608,EQP008,2025-07-07,3.48,10.461538461538462,0.35,73.84615384615384,4.384615384615385,8.0,2025-07-09,1.0,0.95
19631,EQP031,2025-07-07,6.07,10.461538461538462,0.61,73.84615384615384,4.384615384615385,31.0,2025-07-09,1.0,0.96
19565,EQP015,2025-07-07,2.56,9.0,16.0,52.49,2.0,15.0,2025-07-09,0.0,0.05
19553,EQP003,2025-07-07,2.11,8.0,13.19,75.28,1.0,3.0,2025-07-09,0.0,0.15
19624,EQP024,2025-07-07,5.87,6.0,0.59,45.18,0.0,24.0,2025-07-09,0.0,0.02
19614,EQP014,2025-07-07,6.3,20.0,0.7,58.3,2.0,14.0,2025-07-09,0.0,0.22
19589,EQP039,2025-07-07,2.12,1.0,13.25,59.43,1.0,39.0,2025-07-09,0.0,0.24
19598,EQP048,2025-07-07,14.4,5.0,90.0,59.17,0.0,48.0,2025-07-09,0.0,0.07
19573,EQP023,2025-07-07,6.08,3.0,38.0,49.54,0.0,23.0,2025-07-09,0.0,0.15
19623,EQP023,2025-07-07,8.87,13.0,0.89,64.97,0.0,23.0,2025-07-09,0.0,0.15
19560,EQP010,2025-07-07,12.04,10.0,75.25,72.53,0.0,10.0,2025-07-09,0.0,0.02
19610,EQP010,2025-07-07,6.84,7.0,0.68,61.62,1.0,10.0,2025-07-09,0.0,0.02
19645,EQP045,2025-07-07,5.02,17.0,0.5,59.54,0.0,45.0,2025-07-09,0.0,0.14
19595,EQP045,2025-07-07,6.09,2.0,38.06,66.69,2.0,45.0,2025-07-09,0.0,0.14
19630,EQP030,2025-07-07,3.74,16.0,0.37,51.05,0.0,30.0,2025-07-09,0.0,0.08
19580,EQP030,2025-07-07,5.93,5.0,37.06,52.71,0.0,30.0,2025-07-09,0.0,0.08
19609,EQP009,2025-07-07,8.62,12.0,0.86,40.3,0.0,9.0,2025-07-09,0.0,0.13
19559,EQP009,2025-07-07,1.48,8.0,9.25,67.21,0.0,9.0,2025-07-09,0.0,0.13
19552,EQP002,2025-07-07,4.27,1.0,26.69,57.32,1.0,2.0,2025-07-09,0.0,0.03
19602,EQP002,2025-07-07,3.7,14.0,0.37,53.13,0.0,2.0,2025-07-09,0.0,0.03
19634,EQP034,2025-07-07,7.91,10.0,0.79,63.89,0.0,34.0,2025-07-09,0.0,0.22
19650,EQP050,2025-07-07,8.0,10.461538461538462,0.8,73.84615384615384,4.384615384615385,50.0,2025-07-09,1.0,0.98
19584,EQP034,2025-07-07,14.64,1.0,91.5,45.26,1.0,34.0,2025-07-09,0.0,0.22
19641,EQP041,2025-07-07,8.93,17.0,0.89,51.75,0.0,41.0,2025-07-09,0.0,0.19
19591,EQP041,2025-07-07,15.32,2.0,95.75,65.12,2.0,41.0,2025-07-09,0.0,0.19
19564,EQP014,2025-07-07,5.5,18.0,0.6,56.5,1.0,14.0,2025-07-09,0.0,0.22
19597,EQP047,2025-07-07,16.356588192425043,6.0,92.56610899414328,70.29,4.0,47.0,2025-07-09,0.0,0.25
19647,EQP047,2025-07-07,4.4,10.0,0.44,41.01,0.0,47.0,2025-07-09,0.0,0.25
19592,EQP042,2025-07-07,7.81,9.0,48.81,57.84,2.0,42.0,2025-07-09,0.0,0.17
19642,EQP042,2025-07-07,3.66,10.0,0.37,58.92,0.0,42.0,2025-07-09,0.0,0.17
19629,EQP029,2025-07-07,3.4,11.0,0.34,46.46,1.0,29.0,2025-07-09,0.0,0.22
19579,EQP029,2025-07-07,15.86,3.0,99.12,78.47,2.0,29.0,2025-07-09,0.0,0.22
19585,EQP035,2025-07-07,11.08,5.0,69.25,51.57,1.0,35.0,2025-07-09,0.0,0.13
19635,EQP035,2025-07-07,8.66,12.0,0.87,56.99,0.0,35.0,2025-07-09,0.0,0.13
19574,EQP024,2025-07-07,4.66,9.0,29.12,48.21,0.0,24.0,2025-07-09,0.0,0.02
19600,EQP050,2025-07-07,14.85,9.692307692307693,92.81,70.76923076923077,4.076923076923077,50.0,2025-07-09,1.0,0.98
19639,EQP039,2025-07-07,8.33,12.0,0.83,56.3,0.0,39.0,2025-07-09,0.0,0.24
19628,EQP028,2025-07-07,6.48,10.461538461538462,0.65,73.84615384615384,4.384615384615385,28.0,2025-07-09,1.0,0.86
19554,EQP004,2025-07-07,15.69,8.0,98.06,65.97,2.0,4.0,2025-07-09,0.0,0.18
19604,EQP004,2025-07-07,6.82,17.0,0.68,43.72,0.0,4.0,2025-07-09,0.0,0.18
19613,EQP013,2025-07-07,3.34,16.0,0.33,50.66,0.0,13.0,2025-07-09,0.0,0.08
19572,EQP022,2025-07-07,2.85,4.0,17.81,70.08,0.0,22.0,2025-07-09,0.0,0.06
19640,EQP040,2025-07-07,3.51,14.0,0.35,53.23,0.0,40.0,2025-07-09,0.0,0.09
19590,EQP040,2025-07-07,5.43,5.0,33.94,46.46,0.0,40.0,2025-07-09,0.0,0.09
19596,EQP046,2025-07-07,9.71,1.0,60.69,71.6,2.0,46.0,2025-07-09,0.0,0.04
19646,EQP046,2025-07-07,8.0,9.0,0.8,52.62,0.0,46.0,2025-07-09,0.0,0.04
19633,EQP033,2025-07-07,6.94,10.461538461538462,0.69,73.84615384615384,4.384615384615385,33.0,2025-07-09,1.0,0.91
19567,EQP017,2025-07-07,2.51,8.0,15.69,77.92,2.0,17.0,2025-07-09,0.0,0.19
19617,EQP017,2025-07-07,7.3,6.0,0.73,59.14,0.0,17.0,2025-07-09,0.0,0.19
19583,EQP033,2025-07-07,1.78,9.692307692307693,11.12,70.76923076923077,4.076923076923077,33.0,2025-07-09,1.0,0.91
19588,EQP038,2025-07-07,5.4,5.0,33.75,67.82,0.0,38.0,2025-07-09,0.0,0.18
19638,EQP038,2025-07-07,3.22,6.0,0.32,59.05,0.0,38.0,2025-07-09,0.0,0.18
19649,EQP049,2025-07-07,4.37,16.0,0.44,41.79,0.0,49.0,2025-07-09,0.0,0.16
19582,EQP032,2025-07-07,6.45,1.0,40.31,55.56,1.0,32.0,2025-07-09,0.0,0.08
19556,EQP006,2025-07-07,5.92,5.0,37.0,43.73,0.0,6.0,2025-07-09,0.0,0.23
19632,EQP032,2025-07-07,3.27,8.0,0.33,56.43,0.0,32.0,2025-07-09,0.0,0.08
19627,EQP027,2025-07-07,4.14,9.0,0.41,61.58,0.0,27.0,2025-07-09,0.0,0.22
19576,EQP026,2025-07-07,14.73,9.692307692307693,92.06,70.76923076923077,4.076923076923077,26.0,2025-07-09,1.0,0.79
19626,EQP026,2025-07-07,6.33,10.461538461538462,0.63,73.84615384615384,4.384615384615385,26.0,2025-07-09,1.0,0.79
19612,EQP012,2025-07-07,5.04,16.0,0.5,58.37,0.0,12.0,2025-07-09,0.0,0.1
19562,EQP012,2025-07-07,1.51,8.0,9.44,72.16,2.0,12.0,2025-07-09,0.0,0.1
19618,EQP018,2025-07-07,4.81,10.461538461538462,0.48,73.84615384615384,4.384615384615385,18.0,2025-07-09,1.0,0.91
19577,EQP027,2025-07-07,15.19,6.0,94.94,59.35,1.0,27.0,2025-07-09,0.0,0.22
19568,EQP018,2025-07-07,6.32,9.692307692307693,39.5,70.76923076923077,4.076923076923077,18.0,2025-07-09,1.0,0.91
19555,EQP005,2025-07-07,15.97,6.0,99.81,56.63,2.0,5.0,2025-07-09,0.0,0.01
19605,EQP005,2025-07-07,6.65,6.0,0.67,49.57,0.0,5.0,2025-07-09,0.0,0.01
19593,EQP043,2025-07-07,1.73,5.0,10.81,56.15,2.0,43.0,2025-07-09,0.0,0.09
19643,EQP043,2025-07-07,6.94,14.0,0.69,40.22,0.0,43.0,2025-07-09,0.0,0.09
19606,EQP006,2025-07-07,4.86,14.0,0.49,49.92,0.0,6.0,2025-07-09,0.0,0.23
19599,EQP049,2025-07-07,11.19,2.0,69.94,42.98,2.0,49.0,2025-07-09,0.0,0.16
19622,EQP022,2025-07-07,4.17,16.0,0.42,41.63,0.0,22.0,2025-07-09,0.0,0.06
19557,EQP007,2025-07-07,3.5,10.0,21.88,41.69,0.0,7.0,2025-07-09,0.0,0.18
19607,EQP007,2025-07-07,3.17,16.0,0.32,54.77,0.0,7.0,2025-07-09,0.0,0.18
19616,EQP016,2025-07-07,3.87,7.0,0.39,43.57,2.0,16.0,2025-07-09,0.0,0.23
19587,EQP037,2025-07-07,5.75,9.692307692307693,35.94,70.76923076923077,4.076923076923077,37.0,2025-07-09,1.0,0.78
19637,EQP037,2025-07-07,5.04,10.461538461538462,0.5,73.84615384615384,4.384615384615385,37.0,2025-07-09,1.0,0.78
19611,EQP011,2025-07-07,3.72,11.0,0.37,40.21,0.0,11.0,2025-07-09,0.0,0.24
19578,EQP028,2025-07-07,15.31,9.692307692307693,95.69,70.76923076923077,4.076923076923077,28.0,2025-07-09,1.0,0.86
19648,EQP048,2025-07-07,4.4,18.0,0.44,58.36,0.0,48.0,2025-07-09,0.0,0.07
19575,EQP025,2025-07-07,5.33,6.0,33.31,71.62,7.0,25.0,2025-07-09,1.0,0.89
19625,EQP025,2025-07-07,6.53,17.0,0.65,59.76,0.0,25.0,2025-07-09,1.0,0.89
19636,EQP036,2025-07-07,7.33,7.0,0.73,48.78,0.0,36.0,2025-07-09,0.0,0.05
19561,EQP011,2025-07-07,10.64,1.0,66.5,67.61,1.0,11.0,2025-07-09,0.0,0.24
19571,EQP021,2025-07-07,7.98,12.0,94.31339543779721,81.86560141874979,5.0,21.0,2025-07-09,1.0,0.94
19586,EQP036,2025-07-07,7.59,4.0,47.44,42.49,1.0,36.0,2025-07-09,0.0,0.05
19621,EQP021,2025-07-07,7.67,5.0,0.77,56.05,0.0,21.0,2025-07-09,1.0,0.94
19644,EQP044,2025-07-07,7.07,11.0,0.71,42.28,0.0,44.0,2025-07-09,0.0,0.12
19594,EQP044,2025-07-07,11.15,8.0,69.69,53.73,0.0,44.0,2025-07-09,0.0,0.12
19619,EQP019,2025-07-07,5.51,7.0,0.55,45.5,0.0,19.0,2025-07-09,0.0,0.13
19569,EQP019,2025-07-07,1.23,2.0,7.69,41.8,1.0,19.0,2025-07-09,0.0,0.13
19566,EQP016,2025-07-07,14.5,1.0,90.62,76.95,1.0,16.0,2025-07-09,0.0,0.23
19563,EQP013,2025-07-07,10.9,10.0,68.12,51.6,0.0,13.0,2025-07-09,0.0,0.08
19681,EQP031,2025-07-08,13.36,11.230769230769232,83.5,76.92307692307693,4.6923076923076925,31.0,2025-07-09,1.0,0.96
19662,EQP012,2025-07-08,6.17,2.0,38.56,74.32,0.0,12.0,2025-07-09,0.0,0.1
19731,EQP031,2025-07-08,7.37,12.0,0.74,80.0,5.0,31.0,2025-07-09,1.0,0.96
19713,EQP013,2025-07-08,8.85,12.0,0.89,56.5,0.0,13.0,2025-07-09,0.0,0.08
19663,EQP013,2025-07-08,15.34,3.0,95.88,72.18,1.0,13.0,2025-07-09,0.0,0.08
19693,EQP043,2025-07-08,18.558952553508437,10.0,97.41709800808736,79.46243812270072,2.0,43.0,2025-07-09,0.0,0.09
19660,EQP010,2025-07-08,3.66,1.0,22.88,69.61,1.0,10.0,2025-07-09,0.0,0.02
19710,EQP010,2025-07-08,8.72,16.0,0.87,46.39,1.0,10.0,2025-07-09,0.0,0.02
19712,EQP012,2025-07-08,5.76,11.0,0.58,62.8,0.0,12.0,2025-07-09,0.0,0.1
19742,EQP042,2025-07-08,7.08,8.0,0.71,41.9,0.0,42.0,2025-07-09,0.0,0.17
19682,EQP032,2025-07-08,15.75,6.0,98.44,56.09,0.0,32.0,2025-07-09,0.0,0.08
19722,EQP022,2025-07-08,5.47,7.0,0.55,56.3,0.0,22.0,2025-07-09,0.0,0.06
19721,EQP021,2025-07-08,5.17,15.0,0.52,59.94,0.0,21.0,2025-07-09,1.0,0.94
19672,EQP022,2025-07-08,15.19,10.0,94.94,60.06,2.0,22.0,2025-07-09,0.0,0.06
19692,EQP042,2025-07-08,18.323455175206917,2.0,97.74063501111992,83.2839075015927,2.0,42.0,2025-07-09,0.0,0.17
19700,EQP050,2025-07-08,9.6,11.230769230769232,60.0,76.92307692307693,4.6923076923076925,50.0,2025-07-09,1.0,0.98
19733,EQP033,2025-07-08,5.66,12.0,0.57,80.0,5.0,33.0,2025-07-09,1.0,0.91
19671,EQP021,2025-07-08,4.86,6.0,30.38,76.85,3.0,21.0,2025-07-09,1.0,0.94
19683,EQP033,2025-07-08,12.91,11.230769230769232,80.69,76.92307692307693,4.6923076923076925,33.0,2025-07-09,1.0,0.91
19711,EQP011,2025-07-08,5.34,8.0,0.53,46.51,0.0,11.0,2025-07-09,0.0,0.24
19701,EQP001,2025-07-08,6.36,14.0,0.64,60.23,0.0,1.0,2025-07-09,0.0,0.02
19651,EQP001,2025-07-08,7.18,16.0,44.88,83.50605131487009,6.0,1.0,2025-07-09,0.0,0.02
19684,EQP034,2025-07-08,2.0,7.0,12.5,47.15,2.0,34.0,2025-07-09,0.0,0.22
19661,EQP011,2025-07-08,2.93,3.0,18.31,54.32,1.0,11.0,2025-07-09,0.0,0.24
19734,EQP034,2025-07-08,7.55,9.0,0.76,47.74,0.0,34.0,2025-07-09,0.0,0.22
19745,EQP045,2025-07-08,8.34,11.0,0.83,42.39,0.0,45.0,2025-07-09,0.0,0.14
19732,EQP032,2025-07-08,7.59,13.0,0.76,53.06,2.0,32.0,2025-07-09,0.0,0.08
19748,EQP048,2025-07-08,3.45,18.0,0.35,51.24,0.0,48.0,2025-07-09,0.0,0.07
19708,EQP008,2025-07-08,8.98,12.0,0.9,80.0,5.0,8.0,2025-07-09,1.0,0.95
19741,EQP041,2025-07-08,8.54,17.0,0.85,45.5,0.0,41.0,2025-07-09,0.0,0.19
19737,EQP037,2025-07-08,5.46,12.0,0.55,80.0,5.0,37.0,2025-07-09,1.0,0.78
19749,EQP049,2025-07-08,7.03,13.0,0.7,60.75,0.0,49.0,2025-07-09,0.0,0.16
19690,EQP040,2025-07-08,11.47,8.0,71.69,73.4,1.0,40.0,2025-07-09,0.0,0.09
19699,EQP049,2025-07-08,2.74,3.0,17.12,53.68,0.0,49.0,2025-07-09,0.0,0.16
19704,EQP004,2025-07-08,6.77,12.0,0.68,62.41,0.0,4.0,2025-07-09,0.0,0.18
19654,EQP004,2025-07-08,9.56,6.0,59.75,63.26,1.0,4.0,2025-07-09,0.0,0.18
19667,EQP017,2025-07-08,13.06,10.0,81.62,56.79,1.0,17.0,2025-07-09,0.0,0.19
19716,EQP016,2025-07-08,8.49,18.0,0.85,61.98,0.0,16.0,2025-07-09,0.0,0.23
19669,EQP019,2025-07-08,4.25,8.0,26.56,66.44,0.0,19.0,2025-07-09,0.0,0.13
19719,EQP019,2025-07-08,4.29,10.0,0.43,62.25,1.0,19.0,2025-07-09,0.0,0.13
19750,EQP050,2025-07-08,3.35,12.0,0.34,80.0,5.0,50.0,2025-07-09,1.0,0.98
19725,EQP025,2025-07-08,8.52,12.0,0.85,41.58,0.0,25.0,2025-07-09,1.0,0.89
19675,EQP025,2025-07-08,11.4,7.0,71.25,72.56,5.0,25.0,2025-07-09,1.0,0.89
19687,EQP037,2025-07-08,8.43,11.230769230769232,52.69,76.92307692307693,4.6923076923076925,37.0,2025-07-09,1.0,0.78
19666,EQP016,2025-07-08,9.01,4.0,56.31,69.36,2.0,16.0,2025-07-09,0.0,0.23
19740,EQP040,2025-07-08,4.53,10.0,0.45,64.66,0.0,40.0,2025-07-09,0.0,0.09
19717,EQP017,2025-07-08,5.38,13.0,0.54,52.52,0.0,17.0,2025-07-09,0.0,0.19
19688,EQP038,2025-07-08,15.42,6.0,96.38,70.58,2.0,38.0,2025-07-09,0.0,0.18
19689,EQP039,2025-07-08,7.73,10.0,101.06909455467358,83.84109988544625,6.0,39.0,2025-07-09,0.0,0.24
19705,EQP005,2025-07-08,8.78,18.0,0.88,47.27,0.0,5.0,2025-07-09,0.0,0.01
19655,EQP005,2025-07-08,12.9,4.0,80.62,61.9,1.0,5.0,2025-07-09,0.0,0.01
19738,EQP038,2025-07-08,6.04,5.0,0.6,45.83,0.0,38.0,2025-07-09,0.0,0.18
19668,EQP018,2025-07-08,9.12,11.230769230769232,57.0,76.92307692307693,4.6923076923076925,18.0,2025-07-09,1.0,0.91
19718,EQP018,2025-07-08,5.3,12.0,0.53,80.0,5.0,18.0,2025-07-09,1.0,0.91
19696,EQP046,2025-07-08,5.58,4.0,34.88,45.69,0.0,46.0,2025-07-09,0.0,0.04
19726,EQP026,2025-07-08,3.28,12.0,0.33,80.0,5.0,26.0,2025-07-09,1.0,0.79
19677,EQP027,2025-07-08,5.82,4.0,36.38,42.28,2.0,27.0,2025-07-09,0.0,0.22
19727,EQP027,2025-07-08,5.16,11.0,0.52,50.54,0.0,27.0,2025-07-09,0.0,0.22
19746,EQP046,2025-07-08,8.93,7.0,0.89,42.04,0.0,46.0,2025-07-09,0.0,0.04
19739,EQP039,2025-07-08,3.61,14.0,0.36,50.63,0.0,39.0,2025-07-09,0.0,0.24
19656,EQP006,2025-07-08,9.67,1.0,60.44,59.8,0.0,6.0,2025-07-09,0.0,0.23
19706,EQP006,2025-07-08,4.8,16.0,0.48,52.11,0.0,6.0,2025-07-09,0.0,0.23
19676,EQP026,2025-07-08,11.84,11.230769230769232,74.0,76.92307692307693,4.6923076923076925,26.0,2025-07-09,1.0,0.79
19698,EQP048,2025-07-08,13.33,10.0,83.31,52.0,2.0,48.0,2025-07-09,0.0,0.07
19657,EQP007,2025-07-08,14.62,10.0,91.38,47.41,2.0,7.0,2025-07-09,0.0,0.18
19736,EQP036,2025-07-08,4.99,13.0,0.5,52.17,0.0,36.0,2025-07-09,0.0,0.05
19714,EQP014,2025-07-08,8.0,24.0,0.9,62.4,4.0,14.0,2025-07-09,0.0,0.22
19747,EQP047,2025-07-08,6.34,8.0,0.63,49.42,0.0,47.0,2025-07-09,0.0,0.25
19697,EQP047,2025-07-08,11.9,1.0,74.38,70.61,1.0,47.0,2025-07-09,0.0,0.25
19664,EQP014,2025-07-08,7.1,22.0,0.8,60.93,3.0,14.0,2025-07-09,0.0,0.22
19691,EQP041,2025-07-08,10.85,3.0,67.81,71.3,2.0,41.0,2025-07-09,0.0,0.19
19702,EQP002,2025-07-08,3.18,18.0,0.32,47.02,0.0,2.0,2025-07-09,0.0,0.03
19729,EQP029,2025-07-08,8.94,7.0,0.89,54.46,0.0,29.0,2025-07-09,0.0,0.22
19652,EQP002,2025-07-08,17.903417491780736,16.0,69.44,74.57,5.0,2.0,2025-07-09,0.0,0.03
19709,EQP009,2025-07-08,4.49,15.0,0.45,60.09,0.0,9.0,2025-07-09,0.0,0.13
19680,EQP030,2025-07-08,1.59,4.0,9.94,42.23,1.0,30.0,2025-07-09,0.0,0.08
19730,EQP030,2025-07-08,4.86,11.0,0.49,61.22,0.0,30.0,2025-07-09,0.0,0.08
19695,EQP045,2025-07-08,14.47,1.0,90.44,44.51,1.0,45.0,2025-07-09,0.0,0.14
19723,EQP023,2025-07-08,8.63,12.0,0.86,50.62,0.0,23.0,2025-07-09,0.0,0.15
19673,EQP023,2025-07-08,5.92,7.0,37.0,69.86,0.0,23.0,2025-07-09,0.0,0.15
19659,EQP009,2025-07-08,11.5,2.0,71.88,64.13,1.0,9.0,2025-07-09,0.0,0.13
19707,EQP007,2025-07-08,4.77,7.0,0.48,45.69,0.0,7.0,2025-07-09,0.0,0.18
19679,EQP029,2025-07-08,11.93,8.0,74.56,43.51,1.0,29.0,2025-07-09,0.0,0.22
19735,EQP035,2025-07-08,5.32,10.0,0.53,42.75,0.0,35.0,2025-07-09,0.0,0.13
19686,EQP036,2025-07-08,9.85,5.0,61.56,42.39,1.0,36.0,2025-07-09,0.0,0.05
19744,EQP044,2025-07-08,6.09,16.0,0.61,49.59,1.0,44.0,2025-07-09,0.0,0.12
19694,EQP044,2025-07-08,14.98,4.0,93.62,78.27,1.0,44.0,2025-07-09,0.0,0.12
19678,EQP028,2025-07-08,11.35,11.230769230769232,70.94,76.92307692307693,4.6923076923076925,28.0,2025-07-09,1.0,0.86
19703,EQP003,2025-07-08,8.76,5.0,0.88,49.6,0.0,3.0,2025-07-09,0.0,0.15
19653,EQP003,2025-07-08,13.11,5.0,81.94,54.37,0.0,3.0,2025-07-09,0.0,0.15
19685,EQP035,2025-07-08,8.25,13.0,51.56,83.89424104267205,5.0,35.0,2025-07-09,0.0,0.13
19728,EQP028,2025-07-08,7.63,12.0,0.76,80.0,5.0,28.0,2025-07-09,1.0,0.86
19665,EQP015,2025-07-08,10.73,4.0,67.06,56.68,0.0,15.0,2025-07-09,0.0,0.05
19658,EQP008,2025-07-08,17.94704508500617,11.230769230769232,96.4216838398987,76.92307692307693,4.6923076923076925,8.0,2025-07-09,1.0,0.95
19670,EQP020,2025-07-08,11.57,11.230769230769232,72.31,76.92307692307693,4.6923076923076925,20.0,2025-07-09,1.0,0.86
19720,EQP020,2025-07-08,7.94,12.0,0.79,80.0,5.0,20.0,2025-07-09,1.0,0.86
19724,EQP024,2025-07-08,6.64,18.0,0.66,47.78,1.0,24.0,2025-07-09,0.0,0.02
19674,EQP024,2025-07-08,3.28,3.0,20.5,63.78,2.0,24.0,2025-07-09,0.0,0.02
19715,EQP015,2025-07-08,3.04,16.0,0.3,63.31,1.0,15.0,2025-07-09,0.0,0.05
19743,EQP043,2025-07-08,3.81,9.0,0.38,60.67,0.0,43.0,2025-07-09,0.0,0.09
19775,EQP025,2025-07-09,7.26,6.0,0.76,66.0,0.0,25.0,2025-07-09,1.0,0.89
19798,EQP048,2025-07-09,7.65,4.0,0.63,48.99,1.0,48.0,2025-07-09,0.0,0.07
19771,EQP021,2025-07-09,3.94,3.0,0.36,70.34,2.0,21.0,2025-07-09,1.0,0.94
19770,EQP020,2025-07-09,6.59,16.0,94.09918640442436,69.33,4.0,20.0,2025-07-09,1.0,0.86
19769,EQP019,2025-07-09,4.14,3.0,0.85,45.86,0.0,19.0,2025-07-09,0.0,0.13
19768,EQP018,2025-07-09,2.2,3.0,0.58,60.12,0.0,18.0,2025-07-09,1.0,0.91
19767,EQP017,2025-07-09,8.2,5.0,0.36,64.66,0.0,17.0,2025-07-09,0.0,0.19
19766,EQP016,2025-07-09,1.64,6.0,0.7,47.01,0.0,16.0,2025-07-09,0.0,0.23
19765,EQP015,2025-07-09,8.76,13.0,0.76,64.78,0.0,15.0,2025-07-09,0.0,0.05
19764,EQP014,2025-07-09,9.0,26.0,1.0,64.8,5.0,14.0,2025-07-09,0.0,0.22
19763,EQP013,2025-07-09,9.78,5.0,0.64,70.51,0.0,13.0,2025-07-09,0.0,0.08
19762,EQP012,2025-07-09,5.24,3.0,0.54,70.26,1.0,12.0,2025-07-09,0.0,0.1
19761,EQP011,2025-07-09,6.32,8.0,0.89,45.2,0.0,11.0,2025-07-09,0.0,0.24
19760,EQP010,2025-07-09,1.27,15.0,0.42,48.72,0.0,10.0,2025-07-09,0.0,0.02
19759,EQP009,2025-07-09,4.25,12.0,0.35,69.19,0.0,9.0,2025-07-09,0.0,0.13
19758,EQP008,2025-07-09,8.97,3.0,0.82,78.73,0.0,8.0,2025-07-09,1.0,0.95
19757,EQP007,2025-07-09,3.45,14.0,0.9,48.17,1.0,7.0,2025-07-09,0.0,0.18
19756,EQP006,2025-07-09,1.46,3.0,0.83,55.19,0.0,6.0,2025-07-09,0.0,0.23
19755,EQP005,2025-07-09,5.35,8.0,0.88,62.87,0.0,5.0,2025-07-09,0.0,0.01
19754,EQP004,2025-07-09,4.72,14.0,0.55,59.34,1.0,4.0,2025-07-09,0.0,0.18
19753,EQP003,2025-07-09,9.7,14.0,0.38,74.04,1.0,3.0,2025-07-09,0.0,0.15
19752,EQP002,2025-07-09,6.97,15.0,0.82,78.0,0.0,2.0,2025-07-09,0.0,0.03
19751,EQP001,2025-07-09,6.92,12.0,100.2486717995456,81.49197798182195,0.0,1.0,2025-07-09,0.0,0.02
19772,EQP022,2025-07-09,7.5,9.0,0.89,64.18,0.0,22.0,2025-07-09,0.0,0.06
19799,EQP049,2025-07-09,2.2,12.0,0.89,78.24,1.0,49.0,2025-07-09,0.0,0.16
19773,EQP023,2025-07-09,4.59,14.0,0.82,58.8,0.0,23.0,2025-07-09,0.0,0.15
19776,EQP026,2025-07-09,4.66,3.0,0.56,77.2,0.0,26.0,2025-07-09,1.0,0.79
19797,EQP047,2025-07-09,5.33,4.0,0.75,73.33,0.0,47.0,2025-07-09,0.0,0.25
19796,EQP046,2025-07-09,8.73,7.0,0.45,53.39,0.0,46.0,2025-07-09,0.0,0.04
19795,EQP045,2025-07-09,16.022400019192816,12.0,97.44648779258783,41.65,2.0,45.0,2025-07-09,0.0,0.14
19794,EQP044,2025-07-09,6.35,8.0,0.68,49.2,1.0,44.0,2025-07-09,0.0,0.12
19793,EQP043,2025-07-09,6.99,4.0,0.94,40.31,1.0,43.0,2025-07-09,0.0,0.09
19792,EQP042,2025-07-09,4.4,14.0,0.82,75.97,2.0,42.0,2025-07-09,0.0,0.17
19791,EQP041,2025-07-09,6.13,15.0,0.89,73.06,2.0,41.0,2025-07-09,0.0,0.19
19790,EQP040,2025-07-09,2.26,5.0,99.60142227156496,79.4297439032095,4.0,40.0,2025-07-09,0.0,0.09
19789,EQP039,2025-07-09,2.36,5.0,0.51,75.13,2.0,39.0,2025-07-09,0.0,0.24
19788,EQP038,2025-07-09,1.68,3.0,0.74,70.27,0.0,38.0,2025-07-09,0.0,0.18
19787,EQP037,2025-07-09,9.55,6.0,0.31,62.22,0.0,37.0,2025-07-09,1.0,0.78
19786,EQP036,2025-07-09,18.824996824692565,11.0,100.29032823361113,54.91,5.0,36.0,2025-07-09,0.0,0.05
19785,EQP035,2025-07-09,9.44,15.0,0.76,65.91,0.0,35.0,2025-07-09,0.0,0.13
19784,EQP034,2025-07-09,9.12,14.0,0.84,65.15,1.0,34.0,2025-07-09,0.0,0.22
19783,EQP033,2025-07-09,1.4,8.0,0.81,72.32,1.0,33.0,2025-07-09,1.0,0.91
19782,EQP032,2025-07-09,6.18,14.0,92.94768616266478,79.86767531536081,5.0,32.0,2025-07-09,0.0,0.08
19781,EQP031,2025-07-09,9.08,7.0,0.92,60.29,5.0,31.0,2025-07-09,1.0,0.96
19780,EQP030,2025-07-09,5.8,15.0,0.79,73.86,0.0,30.0,2025-07-09,0.0,0.08
19779,EQP029,2025-07-09,5.4,15.0,0.9,77.45,0.0,29.0,2025-07-09,0.0,0.22
19778,EQP028,2025-07-09,3.88,12.0,0.59,53.98,0.0,28.0,2025-07-09,1.0,0.86
19777,EQP027,2025-07-09,3.97,12.0,0.37,47.07,1.0,27.0,2025-07-09,0.0,0.22
19774,EQP024,2025-07-09,5.39,14.0,0.46,63.77,3.0,24.0,2025-07-09,0.0,0.02
19800,EQP050,2025-07-09,3.45,2.0,0.54,54.35,1.0,50.0,2025-07-09,1.0,0.98
